,N_index,ASC,AVH,AZUL,BSTI,BCO,BRS,CNI,CP,CGI,CEA,ZNH,VLRS,CPA,CMRE,DAC,DAL,DHT,DSX,LPG,ERA,EURN,FDX,GNK,GNRT,GWR,GSL,GOL,PAC,ASR,GSH,KSU,KNX,LTM,NNA,NM,NMM,NAO,NSC,RRTS,SB,SNDR,SALT,STNG,CKH,SMHI,SSW,SFL,LUV,TK,TNP,UNP,UAL,UPS,USDP,ZTO
20-Oct-17,0.0,5552.0,7.5,27.38,11.2,87.0,8.7,81.58,177.61,1271.7,25.48,34.92,10.42,125.89,6.16,1.45,474.0,4.06,4.07,7.73,9.53,8.45,225.07,543.0,4.94,72.84,1.58,23.78,255.0,179.96,9.5,105.19,40.28,13.81,1.27,1.77,2.1,1.33,132.75,9.2,3.29,25.72,8.2,3.7,44.63,13.5,7.35,14.85,59.37,8.73,4.79,112.99,59.9,119.76,11.1,15.6
19-Oct-17,1.0,5502.0,7.74,26.75,11.43,85.35,9.06,82.21,177.0,1271.7,24.91,34.67,10.6,126.24,6.24,1.45,474.0,4.16,3.98,7.72,9.33,8.52,223.97,538.0,4.9,71.7,1.55,23.46,253.0,182.84,9.5,103.78,39.35,13.57,1.27,1.73,2.07,1.37,130.24,8.89,3.24,24.87,7.75,3.56,44.44,12.93,7.47,14.8,58.63,8.74,4.83,112.01,59.78,119.42,10.95,15.33
18-Oct-17,2.0,5490.0,7.65,27.16,11.78,85.3,9.14,81.09,177.1,1271.7,25.18,34.93,10.78,127.44,6.21,1.5,475.25,4.15,4.04,7.8,9.87,8.45,222.3,544.5,5.06,71.08,1.53,23.67,253.5,180.67,9.5,102.81,39.27,13.54,1.25,1.77,2.08,1.39,130.52,8.63,3.12,24.69,7.8,3.59,44.61,13.38,7.55,14.9,58.83,8.82,4.81,110.38,67.99,118.15,11.0,15.41
17-Oct-17,3.0,5750.0,7.34,27.0,11.75,86.0,9.31,80.08,167.16,1271.7,24.93,35.01,10.88,126.6,6.24,1.5,475.25,4.08,4.0,7.78,10.01,8.5,220.1,537.5,5.09,71.0,1.49,22.59,255.5,187.57,9.5,101.47,38.46,13.62,1.25,1.79,2.1,1.39,129.48,8.49,3.13,24.53,7.5,3.69,44.28,13.36,7.5,14.95,58.73,8.9,4.81,110.57,67.51,117.68,11.05,14.96
16-Oct-17,4.0,5700.0,7.39,27.06,11.78,84.65,9.58,80.23,168.46,1271.7,25.46,35.91,11.07,129.3,6.14,1.45,475.25,4.08,4.03,7.93,10.42,8.6,221.35,534.0,4.95,71.39,1.4,22.84,255.5,179.96,9.5,101.9,38.84,13.88,1.27,1.9,2.12,1.41,129.8,9.08,3.24,23.77,7.7,3.64,45.12,13.46,7.6,14.95,58.88,8.82,4.65,112.09,66.95,118.34,11.4,15.29
13-Oct-17,5.0,5852.0,7.54,27.72,11.4,86.35,9.51,80.79,168.55,1271.7,25.4,35.89,11.33,129.53,6.08,1.5,480.0,4.05,4.0,7.72,10.55,8.25,222.22,531.0,4.84,71.87,1.39,24.0,255.0,182.85,9.5,104.17,39.41,13.86,1.25,1.78,2.12,1.44,131.65,9.12,3.15,24.3,7.25,3.61,45.15,14.0,7.22,14.75,59.12,8.98,4.55,112.28,67.57,118.36,11.4,15.63
12-Oct-17,6.0,5914.0,7.62,27.92,11.08,86.4,9.4,80.88,168.95,1271.7,24.96,34.95,11.46,128.82,6.28,1.4,491.5,4.02,4.0,7.74,10.71,8.15,225.06,530.0,4.68,72.63,1.36,24.39,257.0,181.83,9.5,105.46,40.65,13.79,1.25,1.72,2.06,1.44,133.69,9.17,3.0,24.82,6.95,3.57,45.08,13.67,7.3,14.6,58.81,8.92,4.45,113.69,66.64,119.57,11.05,15.56
11-Oct-17,7.0,5878.0,7.68,28.65,11.0,84.74,9.34,80.84,165.55,1271.7,25.2,35.23,11.57,130.44,6.16,1.45,491.5,4.01,4.03,7.37,11.22,8.15,222.4,537.0,4.69,72.11,1.32,24.55,255.0,177.73,9.5,104.52,39.81,14.0,1.26,1.7,2.05,1.48,130.1,9.18,3.0,24.46,6.98,3.58,46.03,14.22,7.29,14.48,58.53,8.87,4.43,112.75,68.12,118.24,10.75,14.84
10-Oct-17,8.0,5882.0,7.68,28.49,11.0,84.05,9.5,80.75,165.02,1271.7,25.06,34.9,11.48,130.19,6.16,1.45,491.5,4.03,4.0,7.33,11.18,8.05,220.78,540.0,4.69,71.98,1.31,24.36,252.75,175.72,9.5,104.79,39.83,14.03,1.25,1.7,2.06,1.45,130.0,9.15,2.97,24.4,6.9,3.58,46.12,14.17,7.23,14.45,58.01,8.86,4.43,112.63,67.72,118.12,10.8,14.34
9-Oct-17,9.0,5924.0,7.67,28.14,10.74,83.95,9.54,80.46,165.28,1271.7,24.84,35.24,11.43,126.08,6.1,1.5,480.0,3.99,4.07,7.15,11.32,8.0,220.64,520.0,4.56,72.3,1.51,24.0,252.5,181.6,9.5,104.16,39.68,13.72,1.24,1.68,2.05,1.43,130.79,9.19,2.88,24.49,7.0,3.54,46.66,14.18,7.02,14.75,57.66,8.7,4.47,113.88,64.7,117.15,10.65,13.58
6-Oct-17,10.0,6025.0,7.74,28.23,10.83,84.0,9.44,80.45,164.79,1271.7,25.33,35.41,11.8,126.9,6.01,1.55,497.0,3.94,4.13,7.32,11.05,8.05,220.8,535.0,4.63,72.65,1.59,24.33,250.75,182.62,9.5,103.74,39.82,13.92,1.24,1.74,2.08,1.44,130.46,9.35,2.98,24.77,7.25,3.64,45.93,14.49,6.89,14.45,58.44,8.8,4.56,113.95,65.25,117.7,10.5,13.61
5-Oct-17,11.0,5968.0,7.94,28.62,11.29,83.85,9.56,80.62,165.24,1271.7,25.0,35.03,11.99,127.44,6.08,1.5,497.0,4.02,4.07,7.47,11.2,8.15,221.61,530.0,4.64,73.32,1.55,23.9,253.5,187.65,9.5,107.41,40.0,13.92,1.24,1.71,2.13,1.45,131.12,9.36,3.07,24.8,7.35,3.7,46.75,14.51,6.94,14.7,58.29,9.08,4.56,114.02,64.32,118.2,10.75,13.84
4-Oct-17,12.0,5950.0,7.87,28.34,11.65,84.1,9.43,81.29,167.17,1271.7,24.88,34.9,12.14,129.37,6.13,1.45,497.0,4.02,4.02,7.28,11.25,8.05,221.32,538.5,4.66,72.67,1.56,22.82,250.0,192.97,9.5,107.02,40.47,13.81,1.23,1.69,2.07,1.42,130.5,9.29,2.96,24.79,7.3,3.62,46.45,14.71,7.03,14.65,58.38,9.05,4.51,113.77,64.47,119.0,10.6,13.48
3-Oct-17,13.0,5912.0,7.83,28.34,11.53,84.35,9.51,81.73,166.87,1271.7,25.19,35.19,12.19,131.02,6.24,1.5,496.5,4.08,4.07,7.35,11.69,8.05,223.0,549.0,4.69,73.51,1.52,22.89,251.5,191.99,9.5,106.8,40.94,13.88,1.26,1.69,2.07,1.42,131.57,9.52,3.0,25.11,7.25,3.58,46.69,15.33,7.06,14.75,58.51,9.12,4.64,114.89,64.14,119.71,10.7,13.81
2-Oct-17,14.0,5919.0,7.81,27.35,11.62,84.35,9.52,82.39,167.33,1271.7,24.72,34.67,12.02,125.73,6.27,1.4,489.25,4.0,3.66,7.03,11.45,8.05,226.33,551.0,4.61,73.52,1.54,21.32,252.0,192.82,9.5,107.04,41.42,13.33,1.26,1.69,2.02,1.36,131.64,9.72,2.86,24.94,6.75,3.59,46.44,15.75,7.13,14.65,55.99,9.09,4.55,115.26,60.43,120.79,10.65,14.29
29-Sep-17,15.0,5955.0,7.76,27.45,11.97,84.25,9.35,82.85,168.03,1271.7,24.44,34.37,11.87,124.53,6.18,1.4,488.5,3.98,3.63,6.82,11.19,8.1,225.58,546.5,4.51,74.01,1.57,21.14,245.0,190.82,9.5,108.68,41.55,13.25,1.22,1.67,2.05,1.41,132.24,9.53,2.74,25.3,7.05,3.43,46.11,15.64,7.09,14.5,55.98,8.93,4.49,115.97,60.88,120.09,11.0,14.04
28-Sep-17,16.0,6028.0,7.75,26.36,11.49,82.85,9.43,83.1,168.34,1271.7,24.69,34.38,11.93,122.68,6.26,1.45,478.0,4.0,3.73,7.34,11.42,7.95,224.26,547.0,4.5,73.53,1.46,19.89,247.0,190.75,9.5,108.19,40.66,13.2,1.22,1.73,2.1,1.38,132.79,9.42,2.88,24.59,7.5,3.49,46.2,15.07,7.13,14.5,56.17,8.98,4.56,115.97,61.16,119.61,10.95,14.01
27-Sep-17,17.0,5830.0,7.52,26.72,11.15,83.65,9.83,82.98,168.18,1271.7,25.52,35.54,11.83,124.16,6.29,1.4,492.0,4.01,3.8,7.34,11.42,7.7,220.0,564.0,4.59,72.94,1.38,19.97,242.75,193.4,9.5,108.22,41.25,13.14,1.24,1.73,2.1,1.39,132.51,9.49,3.06,24.78,7.45,3.53,46.17,14.28,7.17,14.55,55.88,9.06,4.63,116.64,60.92,118.62,11.0,14.29
26-Sep-17,18.0,5875.0,7.71,27.15,11.75,80.25,9.66,82.01,168.12,1271.7,25.54,35.5,11.8,125.88,6.12,1.4,482.5,3.95,3.88,7.27,11.08,7.7,219.81,565.0,4.35,72.56,1.35,20.63,247.0,197.94,9.5,107.51,40.53,13.35,1.23,1.68,2.1,1.42,131.0,9.15,2.93,24.47,7.4,3.41,44.95,13.34,7.15,14.4,55.72,9.0,4.47,115.43,59.68,118.92,11.15,14.24
25-Sep-17,19.0,5800.0,7.88,27.51,12.64,79.8,9.84,81.52,168.5,1271.7,25.43,35.24,11.8,128.48,6.07,1.4,494.75,3.97,3.98,7.34,11.11,7.85,219.2,570.0,4.4,72.9,1.3,20.86,247.0,197.88,9.5,107.62,40.45,13.7,1.22,1.67,2.09,1.4,130.36,8.61,2.85,23.97,7.1,3.53,43.92,12.47,7.04,14.3,55.12,8.94,4.47,115.79,59.44,118.22,11.05,14.64
22-Sep-17,20.0,5801.0,7.88,28.26,12.05,81.45,9.34,81.91,168.25,1271.7,26.16,36.61,11.86,131.58,6.0,1.4,494.75,4.07,4.05,7.27,10.82,7.95,220.0,557.0,4.7,72.82,1.3,21.85,247.0,199.64,9.5,107.74,41.02,14.28,1.25,1.72,2.13,1.47,130.99,8.51,3.02,24.38,7.25,3.59,43.68,12.05,7.03,14.3,54.93,8.81,4.52,115.34,58.8,117.67,10.85,14.84
21-Sep-17,21.0,5711.0,7.85,28.89,10.89,80.55,9.97,82.61,167.05,1271.7,26.58,37.44,11.86,129.87,6.15,1.35,494.75,3.92,3.97,7.44,10.88,8.05,218.83,556.5,4.78,73.0,1.27,22.4,248.5,199.92,9.5,107.91,41.36,14.4,1.23,1.73,2.15,1.47,130.71,8.35,3.02,24.79,7.4,3.44,43.69,12.32,7.11,14.3,54.63,8.9,4.43,115.44,58.53,117.26,10.85,14.96
20-Sep-17,22.0,5698.0,7.95,28.59,10.52,81.25,10.36,81.99,163.19,1271.7,26.69,37.92,11.86,129.28,6.13,1.4,482.5,4.01,4.09,7.51,11.16,8.1,220.5,563.0,4.84,73.0,1.26,21.57,246.5,198.88,9.5,107.52,40.99,14.0,1.25,1.78,2.18,1.49,130.98,8.29,3.09,24.35,7.7,3.58,43.85,12.52,7.16,14.3,54.25,8.99,4.45,115.0,58.06,117.83,10.85,14.99
19-Sep-17,23.0,5715.0,8.04,28.52,,80.85,9.85,82.09,161.68,1271.7,27.01,39.5,11.83,129.66,6.06,1.5,485.5,4.14,3.97,7.42,10.72,8.0,216.0,555.0,4.85,71.71,1.23,21.82,246.5,200.34,9.5,106.36,40.09,13.91,1.25,1.68,2.19,1.47,127.8,8.04,3.03,23.62,7.7,3.47,42.92,12.5,7.09,14.2,53.54,9.0,4.53,113.0,57.54,116.97,10.75,15.17
18-Sep-17,24.0,5600.0,8.05,28.4,,80.4,9.76,81.73,161.06,1271.7,27.08,39.34,11.89,130.1,6.18,1.4,488.5,3.89,4.05,7.43,10.66,7.95,215.08,555.0,4.84,71.11,1.21,22.0,247.0,203.07,9.5,106.28,39.82,13.66,1.23,1.65,2.18,1.48,127.35,7.8,3.14,23.96,7.6,3.39,41.96,12.61,7.22,14.2,54.09,8.99,4.46,112.03,58.11,117.59,10.85,14.89
15-Sep-17,25.0,5549.0,8.29,28.31,,81.0,9.29,81.64,158.79,1271.7,25.64,38.85,12.23,134.01,6.01,1.45,488.5,3.87,4.04,7.66,10.48,7.95,214.83,556.0,4.86,69.79,1.16,21.71,246.0,203.41,9.5,107.26,39.82,13.74,1.26,1.68,2.2,1.44,128.04,7.57,3.36,23.43,7.5,3.5,40.89,12.49,6.99,14.2,54.72,8.83,4.45,113.4,59.8,117.9,10.5,15.07
14-Sep-17,26.0,5700.0,8.19,27.45,,80.55,9.35,81.03,159.22,1271.7,26.8,38.99,12.42,133.19,5.96,1.45,505.0,3.92,3.98,7.94,10.43,7.95,214.52,564.0,4.73,69.93,1.15,21.14,246.0,200.12,9.5,106.31,39.01,13.54,1.25,1.69,2.18,1.5,126.93,7.48,3.38,23.11,7.05,3.58,41.06,12.12,6.78,14.5,54.35,9.03,4.56,110.86,61.25,117.38,10.25,14.93
13-Sep-17,27.0,5657.0,8.19,26.65,,80.9,9.29,80.52,157.4,1271.7,26.95,39.25,12.48,132.67,6.04,1.4,491.0,3.84,3.92,7.8,10.38,8.05,215.0,555.0,4.63,70.88,1.14,20.6,253.25,200.24,9.5,105.7,39.59,13.41,1.25,1.63,2.12,1.49,126.76,7.6,3.26,22.85,6.85,3.41,41.07,12.01,6.92,14.15,54.66,9.06,4.61,108.66,61.66,117.06,10.6,14.21
12-Sep-17,28.0,5694.0,8.06,25.55,,81.05,9.06,81.85,160.92,1271.7,27.27,40.28,12.51,133.11,5.99,1.45,494.0,3.86,3.94,7.75,10.18,7.95,215.54,548.0,4.58,70.79,1.13,20.31,252.0,201.65,9.5,106.12,40.56,13.41,1.25,1.68,2.15,1.52,126.58,7.56,3.51,23.38,7.3,3.45,40.24,12.01,6.97,13.35,53.95,8.94,4.59,108.48,61.24,117.15,10.45,14.29
11-Sep-17,29.0,5718.0,8.2,26.87,,80.3,9.21,81.91,160.64,1271.7,27.75,41.0,12.31,132.42,6.02,1.5,494.0,3.83,4.01,7.73,10.07,7.95,212.4,539.5,4.58,70.3,1.11,20.79,254.0,200.97,9.5,106.04,40.7,13.19,1.25,1.75,2.15,1.44,126.42,7.53,3.57,23.19,7.55,3.45,38.97,12.16,6.92,13.35,53.6,9.1,4.51,108.1,60.46,116.2,9.8,14.29
8-Sep-17,30.0,5605.0,8.27,26.74,,80.85,8.62,81.49,160.21,1271.7,27.27,39.48,12.08,130.76,5.91,1.4,503.0,3.87,4.02,7.24,9.92,8.0,210.48,555.5,4.61,69.8,1.16,20.2,250.25,200.87,9.5,104.43,,12.98,1.21,1.71,2.13,1.38,123.92,7.48,3.43,23.21,7.8,3.53,38.72,12.13,6.85,13.25,52.87,9.12,4.47,107.21,58.38,115.05,9.25,13.9
7-Sep-17,31.0,5642.0,8.24,26.7,,80.55,9.56,81.43,160.38,1271.7,27.02,38.17,12.36,131.54,5.78,1.4,509.0,3.91,3.9,7.49,10.28,8.05,213.66,659.0,4.65,69.57,1.12,20.68,252.0,203.32,9.5,103.99,,13.15,1.25,1.66,2.06,1.38,123.93,7.43,3.41,22.74,7.6,3.53,39.55,12.5,6.9,13.35,52.21,9.21,4.52,105.49,58.58,114.67,9.9,13.91
6-Sep-17,32.0,5624.0,8.13,26.69,,78.8,8.94,81.16,157.9,1271.7,26.85,38.28,12.61,129.08,6.1,1.4,505.0,3.93,3.91,7.53,10.31,7.8,211.91,666.0,4.66,69.71,1.14,20.55,253.5,202.28,9.5,103.64,,12.98,1.24,1.61,2.14,1.48,122.44,7.42,3.39,22.71,7.9,3.51,39.99,12.97,6.98,13.4,51.67,9.13,4.5,105.01,60.33,113.81,10.7,13.9
5-Sep-17,33.0,5676.0,7.87,26.2,,79.2,8.87,80.25,156.41,1271.7,26.46,38.06,12.61,128.62,6.21,1.45,485.0,3.79,3.9,7.31,10.03,7.7,213.26,664.0,4.63,69.11,1.11,19.85,251.75,199.93,9.5,102.72,,12.87,1.27,1.52,2.05,1.39,121.11,7.46,3.29,22.8,7.7,3.72,40.25,13.69,6.99,13.0,51.14,8.81,4.5,104.1,61.1,113.92,10.3,13.54
1-Sep-17,34.0,5681.0,7.64,25.46,,79.4,8.45,81.22,156.29,1271.7,27.29,38.84,12.79,127.08,6.38,1.58,460.25,3.77,4.06,7.06,8.96,7.55,215.05,663.0,4.66,69.1,1.1,18.17,256.5,204.64,9.5,103.76,,12.78,1.26,1.6,2.13,1.39,121.16,7.48,3.5,22.88,7.95,4.02,39.38,13.19,7.28,13.05,52.19,8.99,4.55,105.47,62.43,114.39,11.2,13.8
31-Aug-17,35.0,5667.0,7.57,25.01,,78.45,8.24,80.99,155.6,1271.7,27.47,38.6,12.61,124.07,6.27,1.65,447.0,3.75,3.97,6.86,8.81,7.6,214.38,689.5,4.5,68.56,1.08,17.85,256.75,203.66,9.5,103.43,,12.6,1.26,1.54,2.09,1.21,120.52,7.47,3.24,22.25,8.05,4.07,38.37,12.81,7.14,13.05,52.14,9.22,4.5,105.3,61.96,114.36,11.38,13.65
30-Aug-17,36.0,5731.0,7.68,24.65,,77.05,8.21,79.76,154.23,1271.7,28.09,39.4,12.91,122.31,6.3,1.65,447.0,3.67,3.95,6.83,8.96,7.55,213.78,669.0,4.53,67.86,1.07,17.6,255.5,201.36,9.5,102.74,,12.33,1.25,1.57,1.99,1.25,120.79,7.37,3.07,22.62,8.0,4.0,38.0,12.46,7.19,13.1,51.52,9.2,4.47,104.94,62.02,114.97,11.4,13.61
29-Aug-17,37.0,5906.0,7.64,24.86,,77.25,8.85,79.37,153.65,1271.7,27.23,37.99,13.01,121.33,6.35,1.72,447.0,3.86,4.14,6.96,9.4,7.7,211.3,659.5,4.75,66.88,1.07,17.49,255.0,200.33,9.5,102.97,,12.33,1.25,1.68,2.02,1.24,119.4,7.26,3.24,23.0,8.3,3.99,37.76,12.29,7.34,13.7,51.46,9.42,4.49,104.97,62.89,114.89,11.19,13.43
28-Aug-17,38.0,,7.49,24.73,,76.0,8.71,79.26,152.75,,27.08,37.8,12.89,121.27,6.34,1.7,,3.88,4.23,6.68,9.04,7.7,208.84,,4.69,66.18,1.1,17.34,,199.41,,103.46,,12.28,1.27,1.61,1.99,1.23,117.76,7.0,3.23,22.47,8.25,3.91,36.67,12.26,7.38,13.75,51.75,9.34,4.53,104.55,63.15,113.79,11.25,13.29
25-Aug-17,39.0,5965.0,7.52,24.95,,75.3,8.57,79.56,153.06,1271.7,26.47,37.58,13.06,121.26,6.38,1.7,447.0,3.9,4.25,6.82,9.22,7.7,207.76,658.5,4.71,66.36,1.12,17.02,259.25,203.16,9.5,104.37,,12.31,1.25,1.61,2.08,1.22,118.21,6.97,3.25,21.64,8.4,3.98,36.99,12.97,7.34,13.8,52.68,9.45,4.57,105.25,63.36,113.4,11.05,13.49
24-Aug-17,40.0,5917.0,7.43,25.03,,76.15,8.14,79.53,152.38,1271.7,26.51,37.25,12.74,118.61,6.42,1.6,447.0,3.88,3.87,6.73,8.75,7.45,206.67,659.0,4.53,65.9,1.15,16.12,259.0,201.42,9.5,104.58,,11.87,1.21,1.48,1.96,1.2,117.74,6.79,2.9,21.43,7.75,3.71,36.57,12.43,7.5,13.65,50.71,9.34,4.48,104.57,61.48,113.35,10.5,13.57
23-Aug-17,41.0,5845.0,7.32,24.84,,75.65,8.12,79.6,151.3,1271.7,26.96,37.42,12.84,119.86,6.41,1.45,451.5,3.86,3.92,6.68,8.87,7.25,207.07,656.5,4.43,66.18,1.13,16.01,258.0,202.14,9.5,105.72,,11.74,1.23,1.49,1.99,1.21,118.94,6.81,2.88,21.68,7.8,3.45,36.66,12.1,7.54,13.75,51.72,9.12,4.38,105.04,62.83,113.55,10.25,13.14
22-Aug-17,42.0,5940.0,7.31,25.12,,76.1,7.87,80.0,151.98,1271.7,27.08,37.63,12.86,122.61,6.25,1.35,462.75,3.85,3.94,6.53,8.59,7.15,209.28,660.5,4.32,66.6,1.16,15.95,258.25,204.32,9.5,108.6,,11.89,1.18,1.31,1.94,1.21,120.4,6.66,2.85,21.99,7.95,3.41,36.45,12.12,6.91,13.5,53.43,8.86,4.34,106.21,64.7,114.6,10.3,14.01
21-Aug-17,43.0,5834.0,7.48,24.95,,75.15,7.62,79.48,151.73,1271.7,27.35,38.16,12.99,123.72,6.15,1.45,462.75,3.8,3.84,6.41,8.35,7.0,206.33,660.0,4.22,65.28,1.14,16.05,254.75,204.46,9.5,107.56,,12.14,1.14,1.23,1.84,1.24,117.67,6.71,2.77,21.21,7.65,3.37,36.17,12.6,6.74,13.4,53.54,8.52,4.28,104.31,64.85,113.83,10.2,13.9
18-Aug-17,44.0,5860.0,7.4,25.37,,75.8,7.71,79.5,152.11,1271.7,26.72,37.07,13.18,125.07,6.29,1.4,460.0,3.85,3.97,6.69,8.37,6.95,206.0,658.0,4.33,65.56,1.17,15.42,255.5,201.91,9.5,105.8,,12.05,1.17,1.31,1.88,1.24,118.63,6.83,2.83,21.36,7.55,3.51,36.14,12.54,6.86,13.5,53.17,8.92,4.39,103.9,64.75,113.34,10.55,13.73
17-Aug-17,45.0,5921.0,7.27,25.08,,76.05,7.37,79.83,152.0,1271.7,26.91,37.35,13.07,124.39,6.2,1.4,458.5,3.76,3.96,6.45,8.31,6.9,205.37,661.5,4.3,65.66,1.17,15.07,257.75,199.8,9.5,105.87,,11.76,1.18,1.29,1.89,1.24,117.5,6.69,2.75,21.16,7.6,3.39,35.79,12.08,6.71,13.5,53.15,8.76,4.34,103.18,64.7,112.92,10.5,13.36
16-Aug-17,46.0,5936.0,7.07,25.94,,76.35,7.28,80.37,154.09,1271.7,27.09,37.65,13.33,125.86,6.34,1.45,450.0,3.75,4.04,6.52,8.29,7.1,209.63,665.0,4.36,67.22,1.16,15.52,258.25,204.22,9.5,107.49,,11.86,1.19,1.27,1.93,1.2,120.43,6.67,2.94,21.3,7.8,3.22,36.11,12.67,6.68,13.5,55.31,8.99,4.46,105.85,66.92,114.76,10.45,13.45
15-Aug-17,47.0,5917.0,7.1,25.62,,75.75,7.44,80.11,155.38,1271.7,26.92,37.08,13.28,125.68,6.28,1.48,437.0,3.83,3.88,6.64,8.42,7.05,209.07,664.0,4.51,66.6,1.11,15.54,258.5,204.25,9.5,106.33,,11.92,1.18,1.23,1.88,1.22,120.04,6.77,2.85,21.5,7.5,3.39,36.41,12.22,6.6,13.55,55.2,9.24,4.51,104.85,66.96,114.18,10.5,13.62
14-Aug-17,48.0,5858.0,6.93,25.68,,75.75,7.47,80.37,155.25,1271.7,27.03,37.38,13.34,124.69,6.39,1.45,434.0,3.87,4.1,6.64,8.52,7.2,207.86,659.5,4.62,66.9,1.09,15.28,255.75,205.22,9.5,104.99,,11.85,1.25,1.31,1.93,1.23,119.55,6.81,2.88,21.38,7.7,3.41,36.62,12.26,6.77,13.7,54.72,9.64,4.56,104.73,66.71,113.69,10.7,13.67
11-Aug-17,49.0,5786.0,6.89,25.39,,76.05,7.18,79.5,154.0,1271.7,26.64,37.13,13.18,121.12,6.31,1.6,434.0,3.92,4.0,6.7,8.46,7.2,204.87,655.0,4.52,66.33,1.1,15.16,253.75,200.96,9.5,102.97,,11.66,1.28,1.25,1.9,1.21,116.56,6.58,2.59,20.92,7.35,3.36,36.21,13.07,6.46,13.6,54.14,9.53,4.63,103.57,65.87,111.44,10.7,13.25
10-Aug-17,50.0,5960.0,6.88,25.41,,75.0,7.16,79.03,153.07,1271.7,27.11,37.54,13.24,123.85,6.29,1.65,445.0,3.97,4.01,6.53,8.91,7.45,203.55,663.0,4.61,65.11,1.12,15.65,256.25,203.9,9.5,102.18,,11.72,1.36,1.24,1.87,1.2,115.44,6.72,2.54,20.62,7.2,3.42,36.68,14.04,6.46,13.55,54.01,9.17,4.59,102.69,65.24,110.92,10.5,14.07
9-Aug-17,51.0,5994.0,7.13,26.6,,76.65,7.36,80.04,153.99,1271.7,27.47,38.35,13.32,123.81,6.48,1.6,445.0,3.75,4.05,6.72,8.89,7.55,206.18,698.0,4.78,67.52,1.17,16.59,259.0,203.19,9.5,103.9,,12.1,1.35,1.24,1.93,1.2,117.46,6.71,2.61,21.09,7.3,3.55,37.02,14.13,6.65,13.7,54.69,9.49,4.66,103.77,67.06,112.41,10.75,14.32
8-Aug-17,52.0,6011.0,6.92,26.73,,76.55,7.67,80.08,153.02,1271.7,27.72,38.95,13.53,125.27,6.63,1.7,439.5,3.97,4.14,7.01,8.57,7.75,207.0,695.5,4.95,67.2,1.14,15.64,263.0,209.9,9.5,103.88,,12.24,1.37,1.24,1.97,1.25,117.21,6.76,2.61,21.2,7.45,3.53,36.78,14.05,6.66,13.75,54.81,9.76,4.8,103.06,67.79,111.89,10.95,14.92
7-Aug-17,53.0,6002.0,6.86,26.55,,75.95,7.97,79.85,154.49,1271.7,27.34,38.04,13.43,127.02,6.64,1.75,445.0,4.05,4.09,7.07,8.63,7.85,208.37,694.0,4.94,67.09,1.13,15.45,264.5,210.24,9.5,103.16,,12.25,1.37,1.25,1.95,1.21,115.89,6.67,2.62,21.4,7.6,3.55,37.81,14.16,6.8,13.9,55.37,9.86,4.81,102.57,68.39,111.86,11.5,15.03
4-Aug-17,54.0,6020.0,7.09,26.53,,75.2,7.97,79.32,155.49,1271.7,27.51,38.11,13.25,126.27,6.6,1.8,442.0,4.1,3.96,7.05,9.24,7.85,209.32,699.5,4.96,66.95,1.12,15.42,259.25,210.2,9.5,102.43,,12.06,1.36,1.2,1.84,1.19,114.61,6.79,2.62,21.34,7.5,3.54,36.77,14.38,6.93,13.75,56.58,9.9,4.8,102.48,68.91,112.05,11.6,14.59
3-Aug-17,55.0,5896.0,7.17,26.73,,77.65,7.37,79.62,155.86,1271.7,27.55,37.93,13.37,126.74,6.54,1.75,442.0,3.95,3.89,7.04,8.91,7.85,209.36,694.0,4.99,66.6,1.16,14.99,256.0,212.25,9.5,102.05,,12.04,1.39,1.17,1.86,1.2,113.43,6.52,2.6,21.76,7.35,3.56,34.25,14.48,6.74,13.55,56.11,10.04,4.75,102.55,68.19,111.52,11.5,14.42
2-Aug-17,56.0,5854.0,7.22,26.1,,78.3,7.53,80.31,157.46,1271.7,27.33,37.8,13.58,126.38,6.68,1.95,440.0,4.06,3.99,7.28,8.91,8.05,209.5,690.0,5.09,65.99,1.17,14.96,258.0,208.45,9.5,102.11,,12.07,1.39,1.28,1.84,1.18,112.48,6.6,2.63,21.32,7.45,3.63,34.52,14.92,7.0,13.8,55.7,9.98,4.85,102.33,67.44,111.26,11.9,14.25
1-Aug-17,57.0,5861.0,7.2,25.9,,78.2,7.29,79.6,156.31,1271.7,27.86,38.38,13.64,125.95,6.57,2.05,427.0,4.03,3.9,7.08,8.8,8.05,206.71,687.0,5.13,65.5,1.19,14.35,257.0,210.27,9.5,101.31,,11.66,1.42,1.28,1.85,1.21,112.97,6.79,2.65,21.2,7.4,3.67,34.42,13.99,6.85,13.75,55.72,9.99,4.91,101.98,67.86,110.17,11.85,14.6
31-Jul-17,58.0,5778.0,7.0,26.36,,78.15,7.37,79.02,156.37,1271.7,27.65,38.13,13.7,125.46,6.43,2.0,427.0,4.16,3.87,7.2,8.76,8.05,208.03,685.0,5.35,65.16,1.19,14.18,254.5,212.55,9.5,103.19,,11.73,1.41,1.23,1.79,1.2,112.58,6.98,2.58,21.62,7.2,3.71,34.09,14.58,6.7,13.6,55.51,9.8,4.93,102.96,67.68,110.29,11.85,14.98
28-Jul-17,59.0,5838.0,7.12,25.35,,78.65,7.56,79.12,157.92,1271.7,27.85,38.82,13.48,126.06,6.5,2.0,440.0,4.16,3.86,7.74,9.53,8.05,208.04,675.5,5.41,65.17,1.36,13.68,258.0,214.77,9.5,103.12,,11.86,1.39,1.2,1.74,1.18,114.23,7.08,2.43,21.65,7.15,3.72,34.71,15.0,6.46,13.4,56.56,9.72,4.99,103.3,67.88,109.66,11.8,14.71
27-Jul-17,60.0,5802.0,7.04,25.06,,79.85,7.26,78.8,157.05,1271.7,27.8,39.18,13.49,125.52,6.48,2.0,433.5,4.11,3.82,7.72,9.13,7.9,207.54,679.5,5.35,65.17,1.35,13.63,259.0,215.7,9.5,101.51,,11.81,1.41,1.13,1.75,1.19,113.01,6.97,2.41,21.14,7.0,3.76,34.69,15.35,6.49,13.45,56.57,9.55,4.94,101.4,68.09,107.79,11.6,14.95
26-Jul-17,61.0,5821.0,7.11,25.39,,80.4,7.24,79.59,157.86,1271.7,27.35,39.03,13.69,127.26,6.33,2.0,433.5,4.1,3.86,7.76,9.13,7.9,213.63,676.0,5.35,66.03,1.34,14.02,256.5,219.1,9.5,104.2,,11.97,1.45,1.2,1.68,1.2,116.41,7.0,2.57,21.93,7.55,3.7,35.12,15.27,6.57,13.4,59.52,8.57,4.9,104.42,70.24,112.29,11.9,15.25
25-Jul-17,62.0,5686.0,7.23,25.09,,70.7,7.63,81.12,159.17,1271.7,27.99,38.38,14.02,127.1,6.84,2.05,434.25,4.12,4.02,7.96,9.37,7.95,214.37,671.5,5.54,68.13,1.36,14.46,259.5,218.37,9.5,104.35,,11.94,1.44,1.24,1.69,1.24,118.99,7.19,2.63,21.89,7.6,3.68,35.48,15.97,6.78,13.55,58.82,8.65,4.96,104.96,69.48,113.22,11.85,15.11
24-Jul-17,63.0,5682.0,7.09,24.93,,71.75,7.14,81.37,159.74,1271.7,28.46,39.48,14.31,128.79,6.64,2.1,434.25,4.09,3.89,8.14,9.29,7.8,212.68,671.0,5.57,67.34,1.38,14.4,262.0,220.73,9.5,105.01,,11.92,1.42,1.18,1.59,1.23,117.5,7.02,2.49,21.25,6.95,3.69,35.07,16.63,6.56,13.5,59.81,8.17,4.94,103.66,70.43,112.15,11.8,15.24
21-Jul-17,64.0,5725.0,7.2,24.99,,71.25,7.5,81.98,162.16,1271.7,29.21,40.48,14.72,129.99,6.73,2.1,448.0,4.06,3.93,8.02,9.76,7.85,212.51,679.0,5.61,67.27,1.41,14.59,255.0,222.76,9.5,105.25,,12.03,1.44,1.13,1.59,1.24,117.85,6.96,2.51,20.95,7.25,3.73,35.3,17.68,6.62,13.4,60.28,7.71,5.0,104.85,71.57,112.68,11.8,15.04
20-Jul-17,65.0,5728.0,7.13,24.89,,71.45,7.82,82.01,162.39,1271.7,29.38,40.8,15.35,129.47,6.82,2.25,444.25,4.15,3.92,8.16,10.08,7.9,211.88,684.0,5.66,66.64,1.39,14.95,257.0,228.06,9.5,104.07,,12.09,1.43,1.19,1.59,1.22,118.52,7.02,2.48,20.46,7.25,3.76,35.99,17.88,6.7,13.55,60.4,7.86,4.95,106.14,72.08,112.58,11.9,15.68
19-Jul-17,66.0,5647.0,7.19,25.16,,70.2,7.91,82.54,161.69,1271.7,29.92,41.81,15.49,127.95,7.0,2.25,444.25,4.19,4.11,8.3,10.12,7.9,212.88,682.5,5.62,68.06,1.39,15.14,255.75,226.06,9.5,103.57,,12.25,1.46,1.19,1.64,1.22,120.67,7.06,2.7,20.52,7.4,3.74,36.7,18.13,6.76,13.6,61.41,7.56,5.05,107.84,74.24,112.99,11.85,15.56
18-Jul-17,67.0,5638.0,7.12,24.49,,70.0,7.4,83.69,163.41,1271.7,29.9,40.72,15.54,129.9,6.93,2.45,423.75,4.22,4.04,8.05,9.56,7.9,211.04,674.5,5.6,68.5,1.33,15.11,257.5,225.26,9.5,104.19,,12.24,1.46,1.19,1.6,1.2,123.26,6.97,2.64,20.62,7.3,3.74,35.43,18.62,6.64,13.45,61.57,7.21,5.09,109.25,78.9,111.83,11.9,15.26
17-Jul-17,68.0,5688.0,7.31,24.39,,69.85,7.22,83.36,164.19,1271.7,29.79,40.26,15.78,133.14,7.05,3.0,424.5,4.34,4.22,8.25,9.42,7.95,215.48,665.0,5.77,68.61,1.37,15.12,256.75,225.57,9.5,104.23,,12.25,1.49,1.19,1.58,1.22,123.5,7.35,2.73,20.92,7.5,3.86,35.81,18.6,6.67,13.45,62.14,7.38,5.21,109.05,79.78,112.03,11.8,15.05
14-Jul-17,69.0,5639.0,7.35,23.87,,70.0,7.19,83.68,166.45,1271.7,29.87,39.71,15.75,131.3,7.13,2.55,435.0,4.36,4.06,8.34,9.52,8.0,219.06,657.5,5.73,68.29,1.3,14.46,259.5,221.93,9.5,104.84,,12.04,1.47,1.2,1.6,1.22,124.0,7.39,2.7,21.42,7.6,3.9,35.32,18.6,6.74,13.35,61.93,7.09,5.11,109.53,79.85,112.41,11.72,15.94
13-Jul-17,70.0,5759.0,7.31,23.52,,70.1,6.82,83.37,164.83,1271.7,29.72,39.58,15.73,130.62,7.32,2.2,430.0,4.39,4.26,8.38,9.44,7.85,217.97,659.5,5.9,68.08,1.27,14.52,259.0,221.3,9.5,105.08,,11.85,1.42,1.23,1.61,1.19,122.59,7.35,2.7,21.19,7.65,3.81,34.87,18.98,6.82,13.2,62.02,7.12,5.12,108.85,80.17,111.16,11.5,15.64
12-Jul-17,71.0,5810.0,7.26,23.43,,68.9,6.52,83.85,164.25,1271.7,30.5,40.0,15.82,129.09,7.25,1.85,429.0,4.35,4.2,8.16,9.2,7.9,218.32,652.5,5.72,68.42,1.27,14.56,258.0,219.02,9.5,105.08,,11.7,1.45,1.3,1.57,1.21,123.28,7.34,2.53,21.55,7.25,3.76,34.26,19.0,6.55,13.0,62.08,6.73,5.06,109.21,80.53,110.57,11.25,15.3
11-Jul-17,72.0,5752.0,7.08,23.08,,67.3,6.5,82.59,161.34,1271.7,29.72,39.74,15.47,124.84,7.1,1.58,428.0,4.29,3.96,8.03,9.12,7.75,217.54,655.5,5.72,68.11,1.27,13.98,254.25,211.17,9.5,104.01,,11.31,1.42,1.26,1.46,1.14,122.5,7.33,2.44,21.24,6.9,3.8,34.54,18.99,6.44,13.1,61.81,6.63,4.94,108.59,76.92,110.07,11.2,15.01
10-Jul-17,73.0,5837.0,7.21,23.15,,67.2,6.87,82.6,162.65,1271.7,30.22,39.96,15.64,123.76,7.0,1.55,427.0,4.29,3.84,7.95,8.87,7.7,218.87,659.0,5.6,68.45,1.24,14.18,250.0,210.12,9.5,104.67,,11.51,1.41,1.23,1.46,1.15,123.0,7.3,2.37,21.56,6.55,3.78,34.27,18.85,6.3,12.95,63.13,6.71,4.93,108.5,78.26,110.21,11.45,14.78
7-Jul-17,74.0,5711.0,7.0,22.87,,66.95,7.16,82.23,162.54,1271.7,30.3,40.57,15.74,123.35,6.97,1.58,425.0,4.37,3.81,7.69,9.3,7.65,218.51,664.0,5.61,68.86,1.23,13.16,248.0,205.34,9.5,104.34,,11.44,1.41,1.2,1.48,1.15,122.34,7.33,2.33,22.24,6.8,3.78,34.21,18.76,6.4,12.9,64.24,6.8,4.88,108.35,78.94,110.36,11.25,14.45
6-Jul-17,75.0,5626.0,6.45,22.06,,66.3,7.31,81.39,162.24,1271.7,29.89,39.82,15.25,120.71,7.23,1.7,412.75,4.35,3.89,7.6,9.3,7.7,215.03,661.5,5.6,68.21,1.21,12.45,248.0,204.48,9.5,103.11,,11.49,1.42,1.31,1.53,1.15,121.24,7.3,2.3,22.04,6.7,3.77,34.13,20.17,7.0,13.2,63.36,7.36,4.89,107.76,77.71,109.24,11.45,14.69
5-Jul-17,76.0,5741.0,6.5,22.01,,66.9,7.46,81.88,162.61,1271.7,30.19,40.81,15.12,119.71,7.19,1.6,420.0,4.33,4.02,8.26,9.22,7.8,218.31,650.0,5.72,69.02,1.21,12.68,248.0,206.75,9.5,104.28,,11.64,1.43,1.33,1.6,1.18,122.67,7.37,2.43,22.58,6.95,3.96,34.26,20.02,6.91,13.35,63.16,7.39,4.93,108.25,76.54,110.52,11.2,14.67
3-Jul-17,77.0,5720.0,6.55,21.4,,67.45,8.04,82.04,162.29,1271.7,30.74,41.07,14.83,117.29,7.67,1.7,433.25,4.39,4.13,8.57,10.03,7.95,217.38,649.5,5.83,69.08,1.24,11.19,249.0,207.63,9.5,104.92,,11.04,1.46,1.39,1.61,1.2,123.28,7.73,2.47,23.04,7.15,4.05,35.75,20.3,7.41,13.7,62.07,7.8,5.02,110.04,75.08,110.61,11.2,14.16
30-Jun-17,78.0,5749.0,6.5,21.08,,67.0,7.65,81.05,160.81,1271.7,30.6,41.4,14.55,117.0,7.31,1.7,433.75,4.15,4.06,8.18,9.46,7.9,217.33,673.5,5.69,68.39,1.22,11.36,248.0,210.4,9.5,104.65,,11.07,1.47,1.37,1.59,1.25,121.7,7.27,2.29,22.37,7.1,3.97,34.3,20.36,7.14,13.6,62.14,6.67,4.8,108.91,75.25,110.59,11.2,13.96
29-Jun-17,79.0,5726.0,6.52,20.84,,66.85,7.36,81.09,160.28,1271.7,29.67,40.9,14.48,117.21,7.13,1.65,424.0,4.14,3.96,8.15,9.5,7.85,215.23,688.5,5.75,67.83,1.23,11.23,251.0,209.44,9.5,102.49,,11.0,1.4,1.29,1.6,1.18,119.52,7.35,2.38,22.12,7.0,4.09,33.91,19.84,6.77,13.3,61.81,6.76,4.83,107.89,75.44,109.78,10.9,14.03
28-Jun-17,80.0,5832.0,6.58,20.99,,67.5,6.96,82.55,161.22,1271.7,29.88,41.49,14.46,116.26,7.04,1.7,439.75,4.11,3.92,8.12,9.31,7.65,217.15,688.5,5.57,68.16,1.21,11.39,253.0,213.76,9.5,103.35,,10.99,1.44,1.24,1.58,1.17,120.72,7.27,2.4,21.66,6.95,4.06,33.83,19.3,6.53,13.05,62.01,6.68,4.77,108.77,76.7,110.08,10.85,14.01
27-Jun-17,81.0,5833.0,6.64,21.02,,66.25,6.79,81.2,159.61,1271.7,29.89,41.59,14.29,115.21,6.85,1.7,435.0,4.02,3.9,8.26,8.71,7.5,214.33,696.0,5.32,66.72,1.22,11.22,260.0,208.05,9.5,102.28,,11.04,1.46,1.24,1.61,1.19,119.04,7.04,2.3,21.11,6.95,4.07,32.49,18.87,6.33,12.75,61.51,6.44,4.61,107.35,76.0,109.67,11.25,13.93
26-Jun-17,82.0,5803.0,6.7,21.19,,66.35,7.0,80.86,159.2,1271.7,30.36,42.2,14.75,114.94,6.79,1.75,435.0,3.99,3.88,8.12,8.44,7.55,215.36,707.0,5.23,66.97,1.25,11.58,259.5,210.18,9.5,102.79,,11.09,1.47,1.2,1.59,1.21,119.48,6.87,2.21,20.96,7.1,4.02,32.3,18.58,6.37,12.8,61.75,6.26,4.63,108.03,77.03,111.01,11.3,14.44
23-Jun-17,83.0,5805.0,6.61,20.89,,66.2,7.1,80.39,159.24,1271.7,29.2,41.35,14.64,113.85,6.87,1.65,440.0,4.07,3.91,7.9,8.39,7.6,215.35,702.0,6.12,67.12,1.23,11.51,258.0,207.46,9.5,101.86,,11.09,1.4,1.25,1.55,1.23,119.29,6.89,2.38,21.0,7.0,4.0,32.6,18.4,6.2,12.75,61.92,6.25,4.49,108.1,76.79,110.27,11.5,14.34
22-Jun-17,84.0,5831.0,6.61,20.67,,66.25,7.08,79.83,157.32,1271.7,29.59,41.27,14.45,113.09,6.57,1.5,445.0,3.99,3.74,7.56,8.39,7.4,211.63,706.0,5.91,65.8,1.22,11.58,259.5,206.49,9.5,101.66,,10.97,1.45,1.16,1.5,1.16,117.4,6.73,2.2,20.86,6.6,3.77,32.15,18.19,6.0,12.5,61.52,5.76,4.3,107.39,77.45,109.07,11.25,14.26
21-Jun-17,85.0,5771.0,6.61,20.76,,66.9,7.19,79.58,155.07,1271.7,29.66,41.6,14.13,114.34,6.52,1.45,445.0,3.9,3.67,7.17,8.08,7.25,212.3,718.0,5.68,64.04,1.22,11.25,259.0,200.8,9.5,100.22,,10.97,1.4,1.06,1.57,1.16,117.47,6.77,2.17,20.96,6.15,3.62,32.06,17.88,5.91,12.45,61.03,5.26,4.22,107.62,77.59,109.19,10.9,14.0
20-Jun-17,86.0,5960.0,6.6,20.56,,67.1,7.09,79.92,154.3,1271.7,28.79,40.91,14.13,114.45,6.57,1.4,458.0,3.79,3.66,7.48,8.41,7.35,208.95,724.5,5.8,65.47,1.24,11.4,259.0,201.0,9.5,101.41,,11.19,1.42,1.02,1.58,1.15,117.73,7.06,2.2,21.13,6.2,3.61,33.65,18.85,5.89,12.55,60.33,5.32,4.26,108.35,77.28,109.61,11.15,14.16
19-Jun-17,87.0,6177.0,6.74,20.59,,67.4,7.0,81.21,155.93,1271.7,28.53,41.42,14.34,118.06,6.73,1.45,445.0,3.88,3.68,7.41,8.62,7.4,210.95,729.0,5.52,67.37,1.29,11.75,259.0,207.1,9.5,103.5,,11.4,1.45,1.1,1.61,1.17,120.12,7.15,2.24,21.36,6.3,3.76,33.84,19.74,6.03,12.75,60.92,5.46,4.26,111.83,78.63,110.87,11.5,14.3
16-Jun-17,88.0,6076.0,6.65,20.74,,65.95,7.22,81.77,155.07,1271.7,29.11,41.08,14.28,112.63,6.71,1.4,445.0,3.9,3.68,7.47,8.8,7.25,210.5,735.5,5.58,67.17,1.28,11.57,261.5,204.26,9.5,103.83,,11.2,1.49,1.14,1.6,1.18,119.14,6.9,2.33,21.17,6.35,3.77,34.22,20.26,5.93,12.75,60.29,5.51,4.35,111.38,76.78,110.59,11.4,14.32
15-Jun-17,89.0,6045.67,6.75,21.06,,66.7,7.02,79.68,154.52,1268.0,28.71,40.25,13.95,112.73,6.56,1.4,455.0,3.89,3.5,7.32,8.86,7.2,210.45,703.5,4.86,66.94,1.26,11.58,261.0,200.88,9.5,101.86,,11.2,1.51,1.17,1.64,1.17,118.29,7.03,2.28,21.23,6.15,3.65,34.19,19.71,5.62,12.65,60.11,5.43,4.22,110.67,77.34,110.26,11.2,14.21
14-Jun-17,90.0,6144.39,6.71,21.01,,66.0,7.09,78.95,154.05,1310.0,28.97,40.89,14.11,113.45,6.84,1.35,455.0,3.99,3.84,7.26,9.13,7.25,208.9,726.5,5.07,66.49,1.19,11.81,259.1,202.8,9.5,100.97,,11.37,1.54,1.24,1.67,1.19,118.29,7.01,2.35,21.51,6.65,3.8,35.1,19.4,6.11,12.95,59.53,5.67,4.31,109.8,77.56,109.39,11.25,14.79
13-Jun-17,91.0,6115.0,6.71,21.13,,66.45,7.22,79.57,156.57,1300.0,28.66,40.21,14.15,114.17,6.86,1.4,449.5,4.04,3.99,7.58,9.29,7.3,209.42,716.0,5.19,68.29,1.22,11.96,259.0,200.02,9.5,101.75,,11.48,1.54,1.22,1.68,1.22,120.73,7.09,2.38,21.82,6.75,3.86,37.1,19.96,6.04,13.9,59.21,6.12,4.35,111.54,77.48,109.85,11.35,14.89
12-Jun-17,92.0,6095.68,6.65,20.66,,65.35,7.03,79.44,154.69,1300.0,29.46,40.93,13.75,113.84,6.79,1.4,440.0,4.0,3.94,8.01,9.3,7.3,209.12,711.5,5.05,66.4,1.28,11.74,256.97,201.11,9.5,99.95,,11.34,1.5,1.17,1.67,1.17,119.7,7.05,2.23,21.68,6.7,3.8,37.09,19.1,5.81,13.9,58.99,5.89,4.36,110.13,77.73,108.94,11.15,14.65
9-Jun-17,93.0,6319.0,6.7,20.99,,64.8,7.36,79.21,153.42,1300.0,30.02,40.83,13.91,113.85,6.83,1.35,455.25,4.02,3.99,7.84,9.47,7.35,206.4,711.5,5.19,64.89,1.28,11.68,261.0,200.3,9.5,99.59,,11.29,1.5,1.27,1.69,1.18,118.92,6.97,2.3,21.37,6.9,3.82,36.67,17.84,5.68,13.75,59.46,6.17,4.4,109.75,78.83,107.03,11.5,14.53
8-Jun-17,94.0,6154.51,6.72,21.15,,65.6,7.16,79.39,154.5,1293.25,29.93,40.5,13.96,114.08,6.64,1.35,460.0,4.04,3.86,7.62,8.86,7.35,205.84,721.0,5.01,64.6,1.26,12.05,256.36,199.34,9.5,98.85,,11.34,1.48,1.12,1.64,1.12,120.43,6.85,2.08,21.03,6.35,3.68,35.78,17.59,5.3,13.55,59.16,6.42,4.24,109.84,80.52,106.75,11.0,14.47
7-Jun-17,95.0,6100.0,6.76,21.64,,64.55,6.89,78.11,154.3,1268.15,30.0,40.06,13.91,113.68,6.59,1.4,456.75,3.97,3.7,7.58,8.6,7.35,206.15,711.0,4.97,63.94,1.23,12.6,255.75,200.94,9.5,97.46,,11.6,1.42,1.06,1.56,1.18,120.22,6.66,2.0,20.43,6.0,3.6,35.6,17.36,5.18,13.4,59.96,6.39,4.23,109.11,81.66,106.68,12.9,14.76
6-Jun-17,96.0,6271.86,6.73,21.4,,63.8,7.14,78.86,156.58,1268.15,30.02,40.52,13.92,111.16,6.59,1.35,455.0,4.04,3.8,7.97,8.89,7.5,203.17,710.5,5.37,65.0,1.24,12.03,255.5,197.75,9.5,96.56,,11.57,1.46,1.05,1.6,1.21,120.95,6.67,1.95,19.92,6.25,3.61,36.23,19.67,5.3,13.55,60.1,6.49,4.29,108.96,81.24,107.43,13.0,14.6
5-Jun-17,97.0,6449.36,6.72,21.45,,65.05,6.86,78.83,157.16,1295.0,29.84,39.31,13.24,112.29,6.59,1.35,455.0,4.13,3.73,7.95,8.71,7.65,202.25,730.5,5.18,66.16,1.24,11.47,257.16,198.67,9.5,96.02,,11.34,1.49,1.06,1.61,1.18,122.5,6.75,1.81,20.06,5.8,3.61,36.19,20.59,5.3,13.5,60.99,6.24,4.15,110.19,81.67,107.95,12.75,14.65
2-Jun-17,98.0,6393.78,6.65,21.56,,65.15,6.87,78.45,158.12,1310.0,30.1,39.6,12.98,111.98,6.64,1.3,448.84,4.24,3.73,7.95,8.69,7.55,203.11,744.5,5.25,65.95,1.27,11.68,257.0,195.68,8.75,95.59,,11.25,1.61,1.08,1.57,1.17,123.64,6.81,1.82,19.96,5.8,3.64,37.43,20.59,5.33,13.75,60.36,6.42,4.28,111.2,82.03,107.67,13.55,14.59
1-Jun-17,99.0,6362.94,6.67,21.39,,64.05,7.04,78.58,159.01,1300.0,30.52,40.31,13.1,113.04,6.87,1.35,450.0,4.43,3.86,8.15,8.78,7.65,198.36,755.0,5.47,65.86,1.25,11.84,256.65,193.93,8.75,95.8,,11.19,1.58,1.11,1.65,1.06,124.5,6.76,2.12,20.01,6.25,3.78,62.1,,5.65,13.95,60.3,6.6,4.42,110.59,80.98,107.66,13.6,14.69
31-May-17,100.0,6417.0,6.68,22.06,,63.1,6.55,77.43,158.23,1255.0,29.35,38.35,13.05,113.04,6.55,1.4,440.25,4.22,3.8,7.81,8.41,7.6,193.84,754.5,5.3,65.5,1.17,12.05,258.44,197.38,8.75,95.2,,11.1,1.44,1.04,1.62,1.05,124.03,6.35,2.06,19.86,5.8,3.72,61.21,,5.19,13.5,60.09,6.11,4.27,110.3,79.67,105.97,13.5,14.29
30-May-17,101.0,6367.28,6.9,23.0,,63.6,6.8,77.67,158.71,1260.0,29.38,38.51,13.33,111.38,6.72,1.35,435.5,4.2,3.87,8.05,8.62,7.5,193.88,749.5,4.91,66.43,1.18,12.24,258.0,195.3,8.75,96.02,,11.21,1.51,1.07,1.67,1.05,124.13,6.42,2.08,19.85,6.0,3.71,61.91,,5.07,13.5,59.48,6.1,4.4,110.81,79.25,106.81,13.8,14.14
26-May-17,102.0,6394.0,6.95,23.32,,62.7,7.36,77.01,158.85,1260.0,28.78,37.17,13.69,111.69,7.05,1.25,435.0,4.27,3.97,8.28,9.14,7.4,194.26,742.0,4.85,66.47,1.19,12.09,259.78,198.67,9.5,95.95,,11.22,1.55,1.16,1.7,1.08,122.33,6.25,2.17,19.61,6.15,3.79,62.45,,5.73,13.05,60.67,6.5,4.51,110.57,81.25,105.87,13.95,14.33
25-May-17,103.0,6356.0,7.0,23.05,,62.15,7.6,77.48,159.33,1260.0,28.52,36.06,13.57,112.0,7.0,1.25,438.0,4.27,3.91,8.27,9.12,7.4,194.81,739.5,4.84,65.56,1.21,12.05,258.0,197.45,9.5,93.07,,11.23,1.56,1.23,1.66,1.08,119.77,6.33,2.09,20.12,6.15,3.97,62.72,,5.63,13.3,60.92,6.2,4.43,109.7,81.41,105.94,14.1,14.26
24-May-17,104.0,6309.0,7.06,21.98,,62.0,9.42,76.39,158.36,1260.0,27.92,35.22,13.17,109.64,7.76,1.35,440.75,4.25,3.97,8.46,9.68,7.45,193.27,736.0,4.98,64.8,1.21,11.89,257.48,200.5,9.5,90.3,,11.34,1.57,1.29,1.68,1.12,114.97,6.4,2.13,19.63,6.2,4.01,63.68,,5.8,13.5,59.58,6.29,4.54,108.05,78.94,104.72,14.1,14.5
23-May-17,105.0,6217.34,7.16,20.3,,60.8,14.62,75.55,157.29,1200.0,27.42,35.17,13.33,109.27,7.93,1.25,450.0,4.41,4.0,8.53,9.87,7.65,193.06,734.5,5.15,64.63,1.21,11.11,257.0,194.87,9.5,90.54,,11.15,1.59,1.37,1.75,1.09,114.37,6.36,2.2,19.08,6.3,4.2,65.01,,6.04,13.75,59.64,6.49,4.54,108.0,79.03,104.2,14.1,14.44
22-May-17,106.0,6158.55,7.13,20.32,,61.05,14.11,75.69,157.01,1200.0,28.26,35.64,13.58,109.6,7.99,1.3,441.25,4.49,3.7,8.58,9.81,7.7,191.65,738.5,5.25,64.56,1.2,11.03,256.5,192.11,9.5,90.63,,11.04,1.61,1.38,1.75,1.15,114.19,6.3,2.12,18.55,6.2,4.16,64.42,,5.8,14.0,58.92,6.69,4.58,107.83,78.92,103.78,14.0,14.49
19-May-17,107.0,6150.0,7.22,21.39,,59.35,14.18,74.87,155.67,1200.0,28.56,35.51,13.46,108.37,7.79,1.3,420.0,4.47,3.73,8.63,10.13,7.9,189.37,733.5,5.19,64.5,1.2,12.25,252.0,192.72,9.5,90.27,,11.19,1.61,1.43,1.8,1.1,113.27,6.21,2.13,18.62,6.35,4.13,65.15,,5.92,14.0,58.04,6.46,4.58,107.05,77.98,103.42,13.85,14.0
18-May-17,108.0,6101.78,7.14,20.55,,60.0,13.47,73.45,152.57,1195.0,28.2,35.6,13.63,108.9,7.44,1.25,421.25,4.3,3.6,8.53,10.11,7.8,188.73,730.5,5.12,62.9,1.18,11.57,252.1,188.77,9.5,90.17,,11.05,1.57,1.41,1.65,1.08,112.8,6.13,2.06,18.83,6.1,4.03,64.95,,5.69,13.7,57.29,6.45,4.43,107.14,75.98,103.19,13.65,13.3
17-May-17,109.0,6106.0,7.2,25.2,,60.0,13.16,72.9,152.13,1220.0,28.04,35.31,13.83,118.24,7.54,1.35,435.0,4.37,3.53,8.67,10.17,7.85,187.49,738.0,5.19,62.71,1.24,15.36,259.92,192.31,9.5,90.0,,11.87,1.59,1.39,1.55,1.09,112.12,6.19,2.1,18.54,6.15,4.08,63.39,,5.89,13.65,57.04,7.26,4.56,106.56,76.18,102.87,13.9,14.05
16-May-17,110.0,6117.74,7.5,25.43,,61.55,13.32,75.31,157.84,1250.0,27.49,35.35,13.84,122.98,7.56,1.35,435.0,4.27,3.57,8.7,10.52,7.8,194.14,740.0,5.34,64.52,1.27,16.26,258.5,194.68,9.5,91.38,,12.37,1.63,1.44,1.59,1.17,116.86,6.48,2.14,18.78,6.3,4.18,63.7,,6.0,13.9,58.27,7.41,4.62,111.0,79.06,104.5,14.03,14.27
15-May-17,111.0,6154.0,7.44,24.86,,60.85,13.46,75.46,159.31,1250.0,27.58,35.04,13.48,123.05,7.56,1.5,435.0,4.53,3.62,8.73,10.59,7.9,194.76,742.5,5.35,65.1,1.29,16.45,260.5,193.33,9.5,91.78,,12.92,1.65,1.51,1.63,1.19,117.13,6.35,2.14,18.62,6.1,4.26,64.28,,6.14,14.1,58.03,7.58,4.71,111.28,77.79,105.29,14.05,14.35
12-May-17,112.0,6144.61,7.1,24.2,,60.95,13.27,74.13,155.4,1244.0,27.65,34.77,13.43,120.32,7.49,1.5,435.0,4.54,3.8,8.75,10.6,7.9,191.66,743.0,5.32,64.4,1.29,16.29,259.0,192.29,9.5,91.17,,12.47,1.65,1.53,1.7,1.11,116.96,6.23,2.18,18.59,6.45,4.19,64.58,,6.15,13.9,57.22,7.44,4.75,110.48,76.41,104.13,14.0,14.6
11-May-17,113.0,6090.19,7.0,24.09,,62.55,13.87,73.93,156.21,1225.0,27.7,34.87,13.36,119.71,7.58,1.55,427.75,4.55,3.68,8.9,10.74,7.95,190.84,745.0,5.45,64.53,1.29,16.25,256.4,195.0,9.5,90.81,,12.27,1.66,1.54,1.69,1.05,116.73,6.56,2.24,19.03,6.4,4.2,65.08,,6.38,13.95,58.09,7.51,4.59,110.1,77.36,104.15,13.55,14.08
10-May-17,114.0,6089.54,7.1,24.49,,62.85,13.89,74.69,157.2,1225.0,27.29,34.91,13.14,125.57,7.82,1.5,414.5,4.56,3.84,8.87,10.9,8.0,189.75,749.0,5.53,64.07,1.3,16.61,254.75,198.69,9.5,90.87,,12.48,1.68,1.55,1.75,1.06,116.91,6.84,2.27,18.4,6.8,4.32,64.63,,6.64,14.1,58.37,7.66,4.67,109.32,78.55,105.1,13.55,14.03
9-May-17,115.0,6057.0,7.02,24.25,,62.35,13.22,74.21,155.41,1235.0,27.74,35.09,12.74,123.62,7.72,1.7,430.0,4.6,3.81,8.89,10.55,8.0,190.79,758.0,5.34,63.51,1.31,17.53,250.0,193.51,9.5,92.35,,12.26,1.65,1.58,1.74,1.04,116.67,6.95,2.19,18.57,6.6,4.21,65.44,,6.54,13.9,58.28,7.59,4.59,109.96,78.55,106.51,13.75,14.55
8-May-17,116.0,5982.24,7.17,24.29,,62.1,13.31,74.43,155.46,1220.0,26.62,33.57,13.19,122.12,7.9,1.8,440.0,4.52,3.98,8.9,10.62,7.95,191.11,757.0,4.88,62.6,1.31,17.34,249.0,194.22,9.5,91.98,,12.55,1.69,1.62,1.74,0.95,115.75,6.63,2.14,18.82,6.45,4.32,64.81,,6.61,13.95,57.48,7.67,4.5,110.02,74.98,107.52,13.21,14.11
5-May-17,117.0,5970.4,7.3,25.09,,61.2,13.48,74.64,154.89,1180.0,26.88,33.72,13.08,121.98,7.46,1.65,430.0,4.58,3.85,8.89,11.4,7.9,192.42,759.5,4.87,64.47,1.33,16.85,251.75,198.85,9.5,91.62,,12.65,1.67,1.62,1.73,0.97,117.01,6.77,2.12,19.0,6.35,4.23,65.63,,6.67,13.9,58.4,7.75,4.5,110.72,75.3,107.43,13.3,13.82
4-May-17,118.0,5986.74,7.09,24.68,,60.8,12.73,73.52,152.67,1232.0,26.92,33.96,12.92,121.63,7.49,1.8,424.0,4.57,3.82,8.83,11.78,7.85,191.19,764.5,4.82,63.35,1.34,16.39,251.96,192.36,9.5,90.04,,12.61,1.66,1.56,1.58,0.96,116.84,6.82,2.05,18.99,6.5,4.29,65.0,,6.69,13.6,58.34,7.57,4.43,110.33,74.91,107.05,12.9,13.84
3-May-17,119.0,5958.82,7.19,24.61,,60.5,13.08,73.57,154.55,1240.0,26.69,33.64,12.84,121.66,7.62,1.75,407.0,4.73,4.0,8.9,12.02,7.9,189.92,757.5,4.98,64.63,1.41,17.0,250.75,195.45,9.5,89.66,,12.75,1.66,1.65,1.9,0.96,117.21,6.81,2.2,19.01,6.85,4.48,65.92,,6.84,13.8,58.16,7.9,4.61,110.88,74.21,107.35,13.8,13.7
2-May-17,120.0,5962.48,7.16,24.17,,60.15,13.12,73.87,155.45,1250.0,26.79,33.74,12.9,117.1,7.81,1.76,419.75,4.77,4.05,8.88,12.64,7.95,189.03,766.0,5.25,64.75,1.42,16.93,252.5,204.0,9.5,89.94,,12.81,1.67,1.73,2.02,0.95,118.24,6.78,2.29,19.17,7.5,4.41,66.19,,7.03,13.8,58.33,7.92,4.68,111.09,73.94,106.92,13.85,14.01
1-May-17,121.0,,7.14,23.36,,60.8,12.91,73.13,154.1,,26.51,33.12,12.56,115.67,7.68,1.85,,4.74,4.04,9.12,12.32,7.9,188.23,,5.23,66.82,1.35,15.91,,189.07,,89.66,,12.7,1.67,1.72,2.07,0.95,117.71,6.67,2.26,19.09,7.45,4.31,65.84,,6.8,13.95,56.28,8.31,4.67,111.6,70.27,106.54,14.05,13.5
28-Apr-17,122.0,5820.0,7.28,22.71,,61.4,13.37,72.29,153.25,1249.75,26.15,32.69,12.61,116.42,6.74,1.7,419.75,4.79,3.99,9.09,12.71,7.9,189.7,751.0,5.37,67.76,1.31,15.71,248.25,189.4,9.5,90.07,,12.67,1.69,1.7,2.09,0.95,117.49,6.72,2.13,18.98,7.45,4.4,65.66,,7.04,14.05,56.22,8.68,4.59,111.96,70.21,107.46,13.9,13.93
27-Apr-17,123.0,5615.49,7.17,22.39,,61.7,13.88,72.31,153.73,1248.0,26.82,33.77,12.67,115.45,6.98,1.75,406.5,4.91,4.24,9.25,13.33,7.8,191.71,747.5,5.54,68.54,1.32,15.48,248.16,187.39,9.5,89.88,,12.74,1.68,1.77,2.09,0.96,118.8,6.93,2.24,19.03,7.55,4.57,67.37,,7.25,14.15,55.75,8.55,4.63,113.53,70.7,108.83,13.8,13.59
26-Apr-17,124.0,5661.18,7.14,22.52,,60.3,14.63,72.39,152.64,1247.8,27.16,33.72,12.74,115.13,6.79,1.65,411.0,4.82,4.19,9.15,13.64,7.9,189.58,734.0,5.66,68.29,1.35,15.62,251.25,185.85,9.5,86.78,,12.96,1.7,1.82,2.02,0.94,117.82,6.89,2.17,19.04,7.6,4.11,68.4,,6.56,14.2,56.94,8.73,4.66,110.17,71.33,107.62,14.15,13.41
25-Apr-17,125.0,5749.0,7.06,23.02,,58.5,14.57,73.1,154.8,1240.0,27.62,33.87,13.15,113.51,6.59,1.65,410.0,4.67,4.14,8.88,13.22,8.25,188.97,731.0,5.7,68.3,1.35,15.92,249.99,189.32,9.5,90.36,,13.12,1.67,1.8,2.04,0.92,116.78,6.77,2.16,19.18,7.5,4.05,67.75,,6.27,14.1,57.09,8.83,4.72,110.48,70.97,107.36,14.3,13.23
24-Apr-17,126.0,5749.46,7.22,23.22,,57.2,14.11,75.66,154.08,1240.0,27.72,33.99,13.54,114.72,6.34,1.65,428.0,4.63,4.25,8.98,12.77,8.1,188.56,737.0,5.58,68.69,1.37,16.18,248.0,188.13,9.5,89.67,,13.24,1.72,1.82,2.08,0.93,117.05,6.73,2.24,19.29,7.6,4.06,66.61,,6.21,14.1,56.49,8.76,4.75,109.33,71.0,106.97,13.9,13.08
21-Apr-17,127.0,5599.0,7.18,23.0,,56.65,13.79,74.72,152.99,1253.6,27.45,33.51,13.22,114.31,6.56,1.7,400.0,4.6,4.29,9.46,13.04,7.85,185.28,732.5,5.34,67.19,1.37,15.6,243.62,182.86,9.5,87.99,,13.21,1.71,1.8,2.13,0.94,116.37,6.7,2.16,18.8,7.4,4.0,64.98,,6.28,13.9,55.63,8.77,4.76,108.28,69.56,105.77,14.05,13.01
20-Apr-17,128.0,5603.0,7.41,22.72,,57.1,13.89,74.48,153.78,1253.6,27.74,33.87,13.96,115.22,6.65,1.7,410.0,4.65,4.17,9.34,13.17,8.0,186.48,734.5,5.37,67.05,1.38,15.7,243.5,180.01,9.5,90.57,,13.28,1.67,1.82,1.99,0.87,115.81,6.6,2.13,18.66,7.55,4.07,65.18,,6.27,13.9,55.95,8.94,4.76,107.9,69.8,105.53,14.1,12.82
19-Apr-17,129.0,5604.71,7.5,22.93,,57.1,13.76,73.22,149.88,1253.6,26.97,33.0,14.02,114.43,6.73,1.65,397.0,4.59,4.52,9.34,12.94,7.95,183.56,732.5,5.36,66.22,1.37,15.72,241.5,179.71,9.5,89.06,,13.15,1.65,1.8,2.0,0.9,112.54,6.4,2.21,18.85,7.85,4.02,64.35,,6.28,13.8,54.65,9.0,4.75,106.79,69.29,104.46,14.15,12.76
18-Apr-17,130.0,5580.45,7.5,23.1,,57.6,14.0,73.56,151.39,1269.5,27.99,33.9,13.95,114.07,6.97,1.7,395.0,4.57,5.11,9.48,12.76,7.95,183.61,724.5,5.42,65.52,1.41,16.34,247.75,181.85,9.5,89.58,,13.48,1.69,1.89,2.05,0.92,112.85,6.47,2.23,18.87,7.95,4.03,64.49,,6.58,13.85,54.42,9.28,4.8,106.24,67.75,104.1,14.55,12.65
17-Apr-17,131.0,,7.45,22.06,,57.3,14.05,74.07,151.86,,28.22,35.07,14.17,116.2,7.1,1.75,,4.62,5.59,9.42,12.83,7.95,185.54,,5.43,65.95,1.41,16.03,,184.5,,89.88,,13.62,1.71,1.94,2.17,0.94,113.19,6.35,2.31,19.0,8.35,4.01,64.16,,6.75,14.0,54.72,9.29,4.8,105.98,70.77,104.87,14.45,13.02
13-Apr-17,132.0,5567.45,7.49,21.88,,56.15,14.09,72.89,150.01,1269.5,27.94,34.92,14.05,114.57,6.89,1.8,405.0,4.5,5.49,9.7,13.09,7.8,183.73,730.0,5.37,64.8,1.4,15.44,249.0,182.61,9.5,88.0,,13.14,1.66,1.78,2.07,0.92,111.58,6.21,2.43,18.98,8.5,3.99,63.9,,6.8,13.85,54.31,9.32,4.76,104.78,69.07,103.74,14.5,12.63
12-Apr-17,133.0,5513.0,7.57,21.94,,56.4,14.44,73.36,150.82,1260.0,27.93,34.85,14.3,114.98,6.78,1.8,395.5,4.48,5.93,9.7,13.3,7.95,186.31,723.5,5.72,65.55,1.41,15.76,249.6,180.58,9.5,87.51,,13.4,1.69,1.88,2.07,0.93,111.79,6.37,2.34,18.96,8.8,4.22,64.81,,6.77,14.05,55.51,9.66,4.81,105.57,69.93,104.23,14.5,12.56
11-Apr-17,134.0,5434.25,7.62,21.5,,55.4,14.88,73.96,152.98,1248.45,27.99,34.99,14.09,115.1,6.87,1.85,395.0,4.61,5.96,10.0,13.46,8.0,192.99,714.0,6.02,67.55,1.44,16.45,250.0,183.36,9.0,88.4,,13.44,1.74,1.95,2.17,0.96,115.22,6.68,2.44,18.69,9.55,4.43,66.27,,6.99,14.3,55.06,9.98,4.95,107.61,70.71,105.75,14.0,12.63
10-Apr-17,135.0,5505.84,7.57,,,55.3,14.83,74.59,152.92,1265.0,28.1,35.3,14.32,113.58,6.63,1.75,402.25,4.64,6.03,10.1,13.14,8.1,195.76,706.0,5.83,68.18,1.39,15.36,252.72,182.18,9.0,88.95,,13.29,1.67,1.96,2.22,0.95,115.49,6.87,2.57,19.31,9.7,4.52,65.62,,7.04,14.2,54.22,9.9,4.93,107.62,71.52,106.42,13.85,12.39
7-Apr-17,136.0,5566.0,7.69,,,54.65,14.33,73.39,150.11,1215.0,29.51,36.42,14.39,114.93,6.23,1.75,404.25,4.5,5.92,9.91,13.09,7.8,195.65,707.05,5.58,67.36,1.4,14.68,248.8,180.17,9.0,87.63,,13.31,1.65,1.94,2.15,0.95,115.9,6.49,2.51,19.0,9.7,4.31,64.78,,6.46,13.7,54.54,9.34,4.8,107.03,70.88,104.99,12.6,11.97
6-Apr-17,137.0,5422.54,7.67,,,53.9,14.64,73.88,150.25,1253.03,29.1,35.79,14.24,115.08,6.33,1.8,400.0,4.5,5.28,10.24,13.14,7.85,195.99,698.5,5.46,67.75,1.41,14.66,244.66,183.24,9.0,87.24,,13.08,1.65,1.89,2.03,1.0,115.88,6.54,2.41,19.0,9.8,4.28,65.56,,6.65,13.75,53.38,9.39,4.75,107.07,70.22,106.67,12.5,12.06
5-Apr-17,138.0,5716.99,7.63,,,53.3,14.28,73.43,149.0,1258.0,29.1,35.37,14.39,112.64,6.21,1.65,395.0,4.36,4.92,10.24,12.58,7.6,195.85,696.0,5.43,67.75,1.41,14.9,246.01,181.61,9.0,86.43,,13.07,1.65,1.72,1.96,1.0,114.73,6.56,2.08,,8.9,4.16,64.66,,6.5,13.85,53.35,9.07,4.72,106.76,70.06,106.74,12.2,12.4
4-Apr-17,139.0,5768.55,7.65,,,53.65,14.76,73.82,148.64,1258.0,28.89,35.11,14.09,111.2,6.54,1.75,388.0,4.53,4.88,10.57,12.78,7.75,196.27,696.0,5.59,68.45,1.45,14.14,245.0,183.05,10.0,86.48,,12.91,1.71,1.79,2.02,1.0,115.19,6.65,2.17,,9.25,4.29,66.04,,6.56,14.15,53.07,9.17,4.76,107.2,69.76,106.63,12.1,12.41
3-Apr-17,140.0,5941.86,7.66,,,53.1,14.49,73.09,147.1,1255.0,28.79,35.01,13.99,112.72,6.45,1.7,384.75,4.52,4.87,10.61,12.76,7.9,195.36,700.0,5.63,68.0,1.46,13.82,244.25,182.66,10.0,86.0,,12.66,1.73,1.82,2.08,1.05,113.5,6.51,2.14,,8.95,4.38,66.3,,6.63,14.65,54.0,9.16,4.76,105.5,71.35,106.4,12.45,12.3
31-Mar-17,141.0,5971.85,7.71,,,53.45,15.21,73.93,146.92,1235.0,28.6,33.25,13.94,112.25,6.66,1.75,377.0,4.47,4.62,10.53,13.26,7.9,195.15,701.5,5.67,67.86,1.48,13.25,248.02,173.24,10.0,85.76,,12.67,1.72,1.87,2.07,1.1,111.97,6.87,2.2,,9.2,4.44,69.19,,6.93,14.7,53.76,9.15,4.79,105.92,70.64,107.3,12.3,13.09
30-Mar-17,142.0,6073.39,7.74,,,53.3,14.98,73.96,148.0,1235.0,28.46,33.08,14.02,111.22,6.58,1.75,377.0,4.47,4.68,10.42,13.28,8.0,194.17,691.5,5.72,68.1,1.47,12.96,244.79,178.95,10.0,87.0,,12.97,1.74,1.88,2.02,1.1,114.25,6.62,2.32,,9.35,4.58,68.25,,6.7,14.75,53.83,9.4,4.82,106.94,70.78,106.66,12.15,13.01
29-Mar-17,143.0,6031.55,7.71,,,53.35,14.84,73.78,148.03,1251.05,29.55,35.02,14.08,110.9,6.62,1.75,377.0,4.53,4.79,10.13,12.71,7.95,190.92,690.5,5.68,67.01,1.49,13.12,244.3,176.25,10.0,85.89,,13.18,1.74,1.89,2.12,1.05,113.21,6.34,2.39,,9.25,4.58,67.86,,6.69,14.5,53.48,9.37,4.83,105.58,69.85,106.03,12.05,13.27
28-Mar-17,144.0,6039.0,7.78,,,53.1,13.41,73.84,147.81,1250.0,29.39,34.49,14.09,109.5,6.45,1.75,377.0,4.53,4.59,10.07,11.91,7.95,189.89,692.0,5.33,66.41,1.46,13.14,241.0,175.45,10.0,85.98,,13.24,1.69,1.77,2.11,1.1,113.32,6.24,2.12,,9.5,4.59,67.35,,6.47,14.5,54.19,9.1,4.71,105.5,70.74,106.19,11.95,12.88
27-Mar-17,145.0,5982.57,7.59,,,52.35,12.85,72.64,145.66,1244.85,30.0,35.68,13.56,108.74,6.21,1.75,377.0,4.38,4.5,10.0,11.53,7.9,187.04,695.5,5.2,65.48,1.38,13.29,242.19,175.01,10.0,83.9,,12.61,1.65,1.71,1.93,1.1,111.13,6.37,1.89,,9.3,4.22,65.52,,6.12,14.3,52.88,8.82,4.65,104.02,68.37,104.78,11.6,12.63
24-Mar-17,146.0,5912.32,7.82,,,51.3,13.23,72.31,145.53,1222.0,30.72,35.13,13.26,109.14,6.41,1.65,377.75,4.48,4.59,10.0,11.7,8.0,188.12,690.0,5.32,65.17,1.41,12.76,249.52,177.25,10.0,82.64,,12.7,1.69,1.69,2.0,1.15,110.66,6.29,1.83,,9.35,4.18,65.69,,6.25,14.3,52.61,9.18,4.73,103.96,67.93,105.05,11.8,12.67
23-Mar-17,147.0,5968.4,7.69,,,51.8,13.67,72.44,145.61,1245.0,30.86,,13.04,109.03,6.27,1.8,377.75,4.49,4.52,10.2,12.07,7.9,189.19,694.5,5.3,65.33,1.42,12.94,247.0,166.72,10.0,82.33,,12.27,1.75,1.62,2.04,1.15,110.55,6.31,1.77,,8.9,4.2,66.05,,6.13,14.45,52.37,9.09,4.62,103.87,67.5,105.65,11.75,12.45
22-Mar-17,148.0,5864.0,7.66,,,52.4,13.69,71.76,144.62,1245.0,29.95,,12.83,109.34,5.94,1.65,377.0,4.86,4.4,9.91,11.62,7.9,195.92,674.0,5.22,65.59,1.37,13.26,246.32,165.52,10.0,82.31,,12.3,1.6,1.58,1.95,1.2,111.77,6.32,1.63,,8.65,4.07,65.05,,6.18,14.25,52.46,8.94,4.58,104.06,66.95,106.52,11.7,12.5
21-Mar-17,149.0,5908.09,7.51,,,52.0,13.87,71.35,144.19,1245.0,29.93,34.14,12.8,107.81,6.16,1.85,396.83,4.76,4.3,10.15,11.74,7.9,191.84,689.5,5.27,65.82,1.39,12.72,249.0,164.75,10.0,82.12,,12.12,1.69,1.62,1.97,1.2,111.5,6.33,1.62,,8.85,4.11,66.1,,6.54,14.25,51.88,8.99,4.66,103.65,65.28,106.51,11.9,12.5
20-Mar-17,150.0,5876.88,7.81,,,52.4,13.88,72.0,146.42,1266.25,29.76,34.03,12.77,110.68,6.47,1.9,396.83,4.89,4.55,10.7,11.85,8.2,192.27,696.0,5.49,68.57,1.48,13.86,247.08,168.04,10.0,83.41,,12.13,1.7,1.77,2.16,1.2,114.84,6.61,1.86,,9.4,4.35,67.03,,6.66,14.65,53.45,9.13,4.83,105.08,67.49,107.12,12.35,12.79
17-Mar-17,151.0,5918.85,7.73,,,52.75,13.92,72.16,147.18,1276.0,29.84,33.83,12.84,110.73,6.97,2.0,398.0,4.69,4.55,10.67,12.23,8.35,194.59,692.0,5.59,68.71,1.5,14.43,249.0,167.94,10.0,84.13,,11.77,1.72,1.81,2.21,1.2,114.71,6.95,1.9,,9.7,4.76,66.76,,6.92,14.7,53.18,9.04,4.89,105.99,66.79,108.15,12.85,12.69
16-Mar-17,152.0,5888.0,7.71,,,52.45,13.85,72.21,146.91,1260.0,30.33,34.31,12.92,109.9,6.87,1.9,392.0,5.13,4.6,11.05,11.92,8.0,193.11,685.5,5.45,68.74,1.51,14.51,250.5,164.82,10.0,85.86,,11.68,1.7,1.74,2.25,1.1,115.35,6.94,1.73,,9.05,4.4,65.49,,6.81,14.6,54.15,9.05,4.68,105.45,67.56,107.8,13.02,12.88
15-Mar-17,153.0,5694.66,7.5,,,52.15,13.96,72.61,147.56,1260.0,29.55,34.1,12.95,107.96,6.45,1.65,388.25,5.1,4.29,11.18,12.08,7.95,193.26,676.0,5.41,68.67,1.46,14.8,248.35,161.96,10.0,87.49,,10.97,1.73,1.69,2.21,1.1,117.51,7.03,1.72,,8.75,4.01,65.45,,6.8,14.65,54.29,8.98,4.45,105.58,68.17,107.74,13.3,13.1
14-Mar-17,154.0,5669.0,7.35,,,53.6,13.79,71.32,146.97,1275.0,27.51,31.79,12.15,105.21,6.37,1.65,388.25,4.99,4.18,11.01,11.76,7.95,191.38,674.0,5.17,67.62,1.36,13.54,248.9,159.64,10.0,86.51,,10.2,1.72,1.69,2.5,1.15,118.35,6.66,1.66,,8.15,3.9,65.52,,6.78,14.3,52.88,8.78,4.4,104.37,66.55,106.83,13.0,12.45
13-Mar-17,155.0,5578.97,7.4,,,53.0,14.1,72.81,148.34,1277.8,27.8,32.14,12.37,107.07,6.35,1.7,387.25,4.95,4.16,11.09,11.74,8.0,193.12,678.5,5.39,70.13,1.34,13.82,244.5,162.61,10.0,87.44,,10.24,1.66,1.69,2.63,1.15,119.53,6.93,1.7,,8.45,4.01,66.27,,6.93,14.75,54.49,9.28,4.4,106.45,69.85,107.49,12.6,11.96
10-Mar-17,156.0,5566.88,7.29,,,52.85,13.99,72.35,148.43,1225.0,26.74,31.15,12.45,105.54,6.15,1.8,389.0,5.02,3.9,10.8,11.67,7.95,192.15,676.5,5.16,70.19,1.38,14.22,247.5,163.08,10.01,87.32,,10.09,1.67,1.71,2.48,1.15,119.66,6.92,1.6,,7.65,4.0,66.4,,7.0,14.6,55.88,9.49,4.46,106.28,72.34,106.73,13.35,11.23
9-Mar-17,157.0,5489.34,7.21,,,52.2,13.82,71.7,147.25,1280.0,26.2,30.57,12.28,105.44,6.06,1.9,377.0,4.99,3.71,10.69,11.58,7.9,191.31,681.5,5.03,69.85,1.32,13.52,245.95,161.57,10.0,87.34,,9.88,1.7,1.65,2.2,1.1,119.4,6.91,1.59,,6.95,4.01,66.14,,6.76,14.55,56.36,9.48,4.39,106.18,72.54,105.9,12.75,11.57
8-Mar-17,158.0,5549.0,7.03,,,51.95,13.94,71.55,148.05,1263.0,26.24,31.03,12.21,105.03,6.22,1.75,379.93,4.99,3.76,10.46,12.68,7.9,192.92,676.5,5.04,70.69,1.38,13.81,247.0,163.6,10.0,88.21,,9.94,1.78,1.67,2.25,1.1,119.87,7.18,1.62,,6.95,3.98,66.24,,6.85,14.65,56.68,9.65,4.4,106.71,73.44,105.73,13.2,12.19
7-Mar-17,159.0,5549.0,7.12,,,52.3,14.4,72.43,148.99,1245.0,26.37,31.31,12.28,105.15,6.28,1.85,376.0,4.95,3.76,10.48,13.17,7.95,192.91,677.5,5.0,72.3,1.54,14.86,248.57,165.88,10.0,89.0,,9.98,1.78,1.69,1.93,1.1,122.0,7.5,1.56,,7.15,3.94,67.02,,7.24,14.75,56.83,9.99,4.44,108.36,72.64,105.64,13.5,12.29
6-Mar-17,160.0,5527.55,7.18,,,51.85,14.98,72.35,149.19,1248.0,26.29,31.76,12.3,107.36,6.3,2.2,373.75,5.02,3.8,10.45,13.26,8.15,193.95,683.0,5.05,73.1,1.53,14.48,245.25,164.2,10.0,89.29,,10.01,1.79,1.69,1.85,1.15,122.93,7.67,1.64,,7.35,3.81,67.98,,7.74,14.85,57.56,10.18,4.54,109.43,73.14,106.1,13.65,12.96
3-Mar-17,161.0,5558.41,7.11,,,52.6,15.43,72.01,149.18,1240.0,26.88,31.65,12.76,106.85,6.34,2.2,378.5,5.01,3.94,10.47,13.56,8.1,194.35,691.5,5.03,73.92,1.55,14.44,243.0,161.32,10.0,89.5,,10.11,1.84,1.73,1.85,1.1,122.4,7.7,1.54,,7.65,3.85,68.41,,8.1,14.7,58.86,10.11,4.67,109.02,75.59,105.93,13.4,13.02
2-Mar-17,162.0,5575.0,7.0,,,53.5,15.79,70.94,147.28,1240.0,26.76,31.49,12.54,105.53,6.14,2.4,382.0,5.0,3.86,10.12,14.07,8.15,194.71,689.0,5.01,73.73,1.51,14.26,244.5,156.15,10.0,89.48,,9.94,1.89,1.7,1.85,1.1,121.77,7.65,1.51,,7.5,3.85,69.08,,8.13,14.75,57.57,9.88,4.63,109.05,73.28,105.95,13.9,13.0
1-Mar-17,163.0,5488.59,7.3,,,54.35,16.03,71.1,148.33,1240.0,27.91,33.13,12.56,107.07,6.16,2.35,382.25,4.94,3.99,9.98,14.43,8.15,197.42,686.0,4.97,75.44,1.53,14.9,240.0,162.77,10.0,90.38,,10.23,1.9,1.76,1.85,1.15,123.35,7.7,1.5,,7.9,3.9,71.65,,8.0,15.15,58.88,10.05,4.68,110.11,75.39,106.87,13.15,13.1
28-Feb-17,164.0,5432.0,7.76,,,53.45,15.71,69.77,147.48,1234.0,27.62,32.63,12.12,106.49,6.11,2.4,372.25,4.63,3.82,9.42,13.78,8.1,192.98,675.5,4.88,74.14,1.52,13.87,240.05,158.32,10.0,88.63,,10.12,1.84,1.69,1.74,1.15,121.03,7.54,1.41,,7.4,3.85,68.85,,7.84,14.75,57.8,9.82,4.63,107.94,74.09,105.76,12.95,12.89
27-Feb-17,165.0,5376.53,7.71,,,52.6,16.22,71.03,148.6,1210.0,27.56,32.44,11.86,106.1,6.27,2.5,365.0,4.67,3.77,9.62,14.44,8.15,194.37,678.5,4.69,74.7,1.53,14.1,239.88,157.62,10.0,88.42,,10.07,1.86,1.72,1.8,1.25,121.12,7.56,1.38,,7.4,3.99,70.37,,7.82,14.65,58.43,9.95,4.62,107.5,75.28,106.73,12.9,14.57
24-Feb-17,166.0,5263.41,7.71,,,52.0,15.99,70.47,148.11,1210.0,28.21,33.18,11.73,105.41,6.12,2.55,367.5,4.75,3.62,9.45,14.0,8.0,193.11,677.0,4.67,74.31,1.47,13.56,239.38,156.12,10.0,88.33,,10.07,1.87,1.79,1.83,1.25,120.08,7.35,1.34,,7.55,4.12,69.97,,7.78,14.55,58.54,9.92,4.66,107.74,75.08,106.18,12.8,14.15
23-Feb-17,167.0,5276.0,7.76,,,51.3,16.81,71.19,149.96,1210.0,27.4,32.8,11.5,107.29,6.07,2.5,372.75,4.79,3.75,9.67,14.48,8.05,191.18,669.0,4.8,73.65,1.47,14.4,244.69,154.81,10.0,87.41,,10.32,1.9,1.93,1.91,2.05,120.03,7.32,1.37,,7.85,4.31,70.26,,7.63,14.6,57.26,10.44,4.74,106.7,74.56,105.09,13.0,14.11
22-Feb-17,168.0,5355.43,7.85,,,51.45,16.62,72.17,152.74,1210.0,27.49,32.56,12.15,107.2,6.01,2.6,371.5,4.87,3.82,9.79,14.51,8.2,193.83,663.5,4.86,75.24,1.49,14.66,240.82,156.55,10.0,87.7,,10.42,1.87,1.87,1.94,2.1,122.32,7.39,1.35,,7.9,4.28,70.33,,7.83,14.65,57.91,10.88,4.79,108.87,75.43,105.62,13.65,14.42
21-Feb-17,169.0,5290.87,7.7,,,51.9,17.08,71.96,152.25,1199.8,26.88,32.48,12.82,105.39,6.11,2.7,380.25,4.86,4.13,10.06,14.61,8.25,195.36,665.0,4.91,75.63,1.54,13.84,239.9,159.31,10.0,87.66,,10.41,1.89,2.04,1.98,2.1,123.53,7.37,1.35,,7.9,4.29,71.24,,8.11,14.7,57.86,11.07,4.86,109.67,75.41,107.72,13.95,14.23
17-Feb-17,170.0,5228.11,7.78,,,52.75,17.06,71.66,149.67,1199.8,26.98,31.54,13.64,103.41,6.05,2.65,383.75,4.79,3.74,9.36,14.8,8.2,193.7,666.0,4.91,75.39,1.52,14.28,239.39,157.05,10.75,86.89,,10.39,1.88,1.9,1.86,2.5,122.78,7.25,1.3,,7.05,4.3,70.53,,8.16,14.55,57.32,10.17,4.78,109.82,75.96,106.9,14.35,14.01
16-Feb-17,171.0,5239.0,7.7,,,52.95,17.25,71.56,150.95,1220.0,27.37,31.84,14.49,104.93,6.05,2.65,382.75,4.76,3.79,9.36,14.75,8.1,193.35,664.0,4.95,75.8,1.39,13.1,239.39,153.96,10.75,86.85,,10.45,1.9,1.87,1.86,2.35,122.93,7.13,1.25,,6.85,4.18,71.3,,7.85,14.65,56.34,10.23,4.72,109.39,75.67,107.22,14.5,13.99
15-Feb-17,172.0,5227.26,7.78,,,53.25,17.86,71.49,151.62,1215.0,26.93,30.82,14.75,98.82,6.15,2.6,381.75,4.79,3.87,9.67,15.14,8.0,194.67,664.0,4.99,75.37,1.37,12.66,239.74,153.13,10.75,86.75,,10.27,1.85,1.87,1.91,2.3,122.71,7.12,1.32,,7.4,4.4,73.01,,8.38,14.85,57.29,10.62,4.76,109.78,75.75,109.02,14.6,14.27
14-Feb-17,173.0,5256.04,7.7,,,53.4,18.04,71.53,150.16,1215.0,26.94,30.72,14.47,99.39,6.09,2.6,370.75,4.87,3.8,9.78,15.06,8.0,192.46,653.0,5.01,74.51,1.36,11.8,237.85,153.98,10.75,86.42,,10.05,1.85,2.03,2.04,2.35,122.49,7.12,1.37,,7.55,4.47,74.2,,8.08,15.0,55.31,10.59,4.82,109.16,73.74,108.99,14.5,13.08
13-Feb-17,174.0,5178.52,7.78,,,53.4,17.64,71.48,149.88,1215.0,27.06,30.44,14.65,103.43,6.02,2.62,370.75,4.9,3.95,9.76,14.92,8.1,192.57,657.5,5.05,74.44,1.41,11.39,233.5,155.09,10.75,86.67,,10.06,1.85,2.0,1.77,2.45,122.21,6.96,1.36,,7.55,3.96,73.95,,7.7,14.9,55.73,10.25,4.75,108.32,73.84,108.5,14.45,13.04
10-Feb-17,175.0,5180.52,7.7,,,52.45,17.54,70.54,147.88,1189.5,26.97,30.01,14.87,98.06,5.58,2.6,375.0,4.92,3.95,9.77,14.81,8.05,190.86,676.5,5.11,74.19,1.35,11.14,234.82,156.85,10.75,85.8,,9.98,1.84,1.9,1.67,2.45,121.12,7.03,1.45,,7.25,3.58,73.51,,7.32,14.75,54.71,10.13,4.77,107.87,72.6,107.34,14.8,12.41
9-Feb-17,176.0,5146.85,7.66,,,50.6,17.31,69.7,146.95,1215.0,26.63,29.53,14.6,96.19,5.25,2.7,370.0,4.9,3.82,9.79,14.62,7.85,188.57,701.0,4.9,73.25,1.33,10.59,234.0,154.69,10.75,85.96,,9.6,1.83,1.9,1.62,2.45,120.65,6.87,1.44,,7.2,3.56,72.8,,7.12,14.6,54.52,9.94,4.63,107.42,72.98,106.46,14.75,12.26
8-Feb-17,177.0,5198.0,7.61,,,49.95,17.65,69.32,145.86,1210.0,26.66,28.95,14.57,94.25,5.25,2.35,362.0,4.9,3.94,10.09,13.93,7.8,187.96,704.0,4.95,73.12,1.32,10.1,233.77,152.93,10.75,85.06,,9.38,1.73,1.84,1.59,2.45,120.94,6.65,1.49,,6.8,3.55,72.39,,6.85,14.3,52.92,9.85,4.67,107.34,71.7,106.16,14.6,12.58
7-Feb-17,178.0,5235.42,7.71,,,43.6,18.51,69.1,146.9,1170.0,25.35,27.91,14.41,94.9,5.39,2.45,362.0,4.92,4.04,10.33,14.27,7.75,188.02,699.0,4.96,73.75,1.37,9.83,234.0,148.12,10.75,85.0,,9.28,1.78,1.99,1.65,2.5,120.88,6.88,1.43,,7.15,3.71,72.88,,7.28,14.3,53.04,9.91,4.68,107.65,71.29,105.69,14.1,12.64
6-Feb-17,179.0,5232.52,7.67,,,44.15,19.28,68.61,147.91,1179.0,25.36,28.2,14.44,95.19,5.38,2.52,367.0,4.83,4.11,10.69,15.22,7.7,188.2,681.5,5.01,74.51,1.45,9.81,232.61,147.84,10.5,85.22,,9.3,1.82,1.97,1.65,2.5,119.87,7.17,1.47,,7.75,3.8,74.6,,7.31,14.5,53.07,10.04,4.66,107.69,73.5,106.06,14.65,12.39
3-Feb-17,180.0,5358.88,7.26,,,44.1,20.54,69.32,150.17,1191.5,25.36,28.27,14.51,96.17,5.36,2.5,369.25,4.91,4.27,10.8,15.55,7.8,188.21,688.0,5.02,75.62,1.48,9.99,229.5,149.56,10.5,85.61,,9.47,1.81,1.94,1.66,2.55,120.46,6.96,1.5,,7.3,3.88,75.37,,7.52,14.5,52.88,10.16,4.69,108.51,73.06,106.95,15.2,12.24
2-Feb-17,181.0,5284.12,7.6,,,42.85,17.06,68.92,149.18,1175.0,25.08,28.31,14.2,96.53,5.49,2.55,370.5,4.78,4.08,10.97,15.24,7.7,184.61,682.0,5.06,74.68,1.45,10.2,227.75,147.95,10.5,84.94,,9.49,1.83,1.89,1.65,2.55,119.47,7.36,1.46,,7.2,3.72,73.24,,7.36,14.25,52.86,9.91,4.7,107.3,72.14,105.1,15.85,12.53
1-Feb-17,182.0,5241.11,7.74,,,43.2,17.31,69.07,150.94,1212.5,25.22,28.83,13.69,96.0,5.5,2.55,365.84,4.87,4.24,11.97,15.73,7.7,186.27,680.5,5.09,75.45,1.58,9.83,229.5,146.23,10.5,86.05,,9.19,1.84,1.92,1.68,2.65,119.93,7.54,1.5,,7.2,3.75,73.79,,8.22,14.7,52.73,10.18,4.74,107.7,71.48,105.35,16.0,12.77
31-Jan-17,183.0,5273.02,8.5,,,44.5,17.66,69.52,151.14,1195.0,25.15,28.96,13.57,97.49,5.31,2.55,365.0,4.69,4.14,11.31,15.66,7.85,189.11,681.0,5.05,75.36,1.59,9.92,229.1,144.87,10.5,85.91,,9.17,1.86,1.96,1.69,2.75,117.46,7.92,1.5,,7.15,3.83,73.57,,9.6,15.0,52.31,10.05,4.73,106.58,70.47,109.13,15.4,12.47
30-Jan-17,184.0,5198.52,8.62,,,43.85,17.75,69.77,151.85,1195.0,25.14,28.81,13.38,96.8,5.32,2.55,372.0,4.61,4.1,12.38,15.84,7.65,193.25,683.0,4.89,75.64,1.6,9.98,229.25,145.46,10.5,86.36,,9.15,1.82,1.95,1.64,2.7,119.63,11.54,1.49,,6.95,3.73,72.34,,9.75,15.6,52.35,10.03,4.69,108.0,71.72,117.03,15.65,12.34
27-Jan-17,185.0,5310.0,8.74,,,43.85,18.4,70.3,154.59,1212.0,25.2,28.86,13.48,98.28,6.01,2.65,372.0,4.27,4.06,11.2,16.07,7.75,195.92,677.0,4.7,76.34,1.65,9.62,229.05,144.26,10.5,86.0,,9.24,1.88,1.96,1.56,2.8,120.35,11.74,1.43,,7.15,3.84,74.19,,10.11,15.95,52.7,10.69,4.78,109.2,74.42,118.09,15.8,12.42
26-Jan-17,186.0,5119.0,8.81,,,43.45,19.16,70.13,154.65,1218.0,25.31,29.3,13.58,98.84,5.9,2.68,372.0,4.4,4.12,11.61,16.43,7.75,192.58,680.5,4.83,77.19,1.7,9.24,229.75,143.36,10.5,87.28,,9.27,1.87,2.05,1.6,2.7,119.51,11.25,1.44,,7.15,3.88,74.73,,10.19,15.95,53.92,10.57,4.84,110.15,75.38,116.93,16.0,12.31
25-Jan-17,187.0,5186.67,8.91,,,44.5,19.29,69.99,154.3,1220.0,25.7,29.4,13.6,98.89,5.86,2.75,374.84,4.4,4.11,11.98,16.67,8.15,192.95,690.0,4.98,78.3,1.59,9.48,230.0,148.3,10.5,88.87,,9.36,1.89,2.09,1.72,2.65,120.53,11.65,1.51,,7.4,3.98,74.8,,10.23,15.9,49.46,11.37,4.89,110.42,73.59,116.99,15.95,12.89
24-Jan-17,188.0,5154.46,8.89,,,44.75,18.82,71.13,152.79,1199.6,25.84,29.59,13.48,97.75,6.1,2.75,372.0,4.41,4.11,10.79,16.09,8.4,191.61,693.0,4.93,76.69,1.59,9.44,229.0,146.78,10.5,86.35,,9.25,1.9,2.1,1.7,2.7,116.62,11.08,1.57,,7.45,3.9,73.78,,10.53,15.85,49.65,10.64,4.93,108.72,73.18,116.05,15.7,13.29
23-Jan-17,189.0,5163.5,8.49,,,43.0,18.18,70.28,152.27,1200.0,25.53,28.96,13.17,98.08,6.08,2.7,378.5,4.37,4.14,11.08,15.99,8.2,185.46,704.0,4.76,75.07,1.61,9.13,230.0,144.75,10.5,85.6,,9.42,1.94,2.19,1.73,2.75,113.55,10.74,1.58,,7.15,4.04,71.59,,10.65,15.65,49.94,10.08,4.85,107.99,72.75,114.46,15.85,13.46
20-Jan-17,190.0,5164.67,9.45,,,43.05,18.22,70.12,150.99,1199.35,25.46,28.82,13.1,97.89,6.14,2.65,376.75,4.4,4.06,10.82,16.11,8.25,185.73,705.0,4.8,75.05,1.61,8.94,230.89,139.24,10.5,87.91,,9.45,2.0,2.0,1.72,2.95,113.59,10.8,1.61,,7.55,4.33,73.64,,11.04,15.7,51.09,10.16,5.04,108.6,75.24,114.96,15.55,13.6
19-Jan-17,191.0,5275.53,9.1,,,42.9,18.11,68.82,150.31,1204.49,24.4,28.28,12.85,96.65,6.08,2.5,373.25,4.28,3.95,10.88,16.07,8.25,186.17,710.0,4.59,74.53,1.57,8.25,232.78,134.27,10.5,84.5,,9.16,1.96,1.7,1.63,2.85,114.42,10.86,1.54,,7.1,4.33,72.55,,10.95,15.6,50.07,9.53,5.01,106.24,74.02,114.27,15.1,13.57
18-Jan-17,192.0,5387.43,9.3,,,43.2,18.39,69.75,145.22,1197.0,24.13,28.37,13.23,95.99,6.13,2.55,381.0,4.23,3.88,10.5,16.08,8.35,187.23,714.5,4.54,73.19,1.62,8.3,234.0,135.14,10.5,84.96,,9.23,1.93,1.7,1.61,2.85,109.97,10.99,1.41,,6.7,4.35,73.39,,11.02,15.6,50.38,9.41,4.96,103.77,74.0,114.96,15.3,13.21
17-Jan-17,193.0,5402.53,9.42,,,42.45,18.9,70.3,145.88,1197.0,24.24,28.0,13.58,95.87,6.18,2.6,386.37,4.09,3.7,9.5,16.15,8.3,186.05,703.0,4.59,72.45,1.58,8.58,230.0,141.28,10.5,84.26,,9.24,1.95,1.67,1.54,2.8,108.9,10.78,1.33,,6.0,4.3,72.98,,11.31,15.4,50.24,9.17,4.99,103.37,73.74,114.07,15.25,12.92
13-Jan-17,194.0,5425.41,9.83,,,43.0,19.25,71.0,148.48,1201.0,24.05,27.84,13.84,94.44,6.39,2.65,381.5,3.99,3.72,9.34,16.23,8.3,187.01,715.5,4.49,73.82,1.63,8.8,240.82,141.4,10.5,83.89,,9.22,2.08,1.71,1.6,2.85,111.59,11.21,1.37,,6.2,4.58,72.93,,11.47,15.35,51.15,9.0,4.92,105.25,74.32,114.24,15.25,12.84
12-Jan-17,195.0,5404.95,9.67,,,42.35,19.5,70.57,147.76,1201.0,23.68,27.9,13.75,94.54,6.14,2.65,379.0,4.01,3.8,9.31,16.51,8.35,187.38,706.0,4.3,72.25,1.55,8.98,239.5,139.53,10.5,82.12,,9.19,2.04,1.6,1.55,2.85,111.01,10.83,1.3,,6.0,4.6,72.19,,11.08,15.5,51.01,8.9,5.1,104.7,74.0,113.91,15.6,13.26
11-Jan-17,196.0,5384.68,9.98,,,42.25,19.6,70.5,147.02,1160.0,23.47,28.28,13.84,92.56,6.23,2.75,393.0,4.01,3.66,9.33,16.88,8.3,189.24,717.0,4.29,72.27,1.6,8.5,246.25,139.14,10.5,81.45,,8.86,2.0,1.65,1.58,2.75,110.55,10.94,1.3,,6.05,4.73,73.1,,10.88,15.45,51.68,8.85,5.06,104.27,75.04,114.18,15.95,13.65
10-Jan-17,197.0,5361.95,10.12,,,42.6,18.6,69.29,146.29,1157.22,24.22,28.85,13.99,93.06,5.99,2.7,393.0,3.94,3.74,9.25,16.48,8.25,188.42,719.0,4.37,70.92,1.58,8.16,246.37,140.22,10.5,81.28,,8.51,2.01,1.59,1.54,2.85,109.26,10.75,1.3,,5.95,4.73,72.36,,10.16,15.1,51.34,8.51,5.06,103.42,73.66,113.92,15.65,13.53
9-Jan-17,198.0,5349.65,9.96,,,41.95,19.45,68.77,145.49,1157.22,23.86,27.19,14.2,91.03,5.86,2.7,390.75,4.03,3.69,9.21,15.91,8.4,189.69,719.0,4.48,70.68,1.62,8.13,240.9,138.84,10.5,81.55,,8.31,1.96,1.58,1.52,2.85,109.18,10.53,1.28,,5.7,4.67,72.87,,10.31,14.8,50.3,8.67,5.02,102.42,71.28,114.77,16.3,13.0
6-Jan-17,199.0,5247.98,10.19,,,41.65,20.93,69.12,148.64,1140.0,23.66,27.16,14.63,92.85,5.99,2.65,386.0,4.11,3.6,9.18,16.64,8.4,190.25,718.1,4.63,72.54,1.65,7.9,243.5,142.13,10.5,83.81,,8.36,2.02,1.62,1.61,2.8,111.66,10.76,1.3,,5.65,4.75,74.73,,9.59,15.05,49.93,8.81,5.04,103.19,71.37,115.4,15.65,13.34
5-Jan-17,200.0,5123.23,10.14,,,41.3,21.19,69.45,147.16,1140.0,23.9,27.65,15.0,93.15,6.12,2.7,388.5,4.18,3.68,9.37,16.9,8.55,188.41,710.5,4.7,71.37,1.65,8.06,243.67,143.25,10.5,81.71,,8.47,1.88,1.64,1.64,2.9,110.29,10.97,1.29,,5.95,4.84,74.08,,9.64,15.0,50.47,8.91,5.05,102.13,70.93,115.17,16.0,12.97
4-Jan-17,201.0,5058.5,10.05,,,41.7,21.2,68.92,145.95,1140.0,23.75,27.25,15.0,91.55,6.19,2.75,385.0,4.34,3.68,9.37,17.41,8.35,188.71,703.0,4.8,72.26,1.59,8.12,243.35,141.43,10.5,81.18,,8.42,1.86,1.58,1.61,2.8,110.64,11.35,1.27,,5.95,4.78,75.47,,9.68,15.25,51.3,8.83,5.02,103.14,73.02,115.11,16.2,12.27
3-Jan-17,202.0,5065.49,10.0,,,41.75,21.1,67.35,141.43,1135.0,23.11,26.21,14.92,92.14,6.04,2.75,385.0,4.42,3.3,8.87,16.9,8.45,187.7,699.5,4.77,69.03,1.55,7.5,242.5,141.97,10.5,80.82,,8.18,1.76,1.51,1.47,2.85,106.99,10.91,1.19,,5.85,4.79,73.41,,9.53,15.0,49.98,8.62,4.86,102.52,72.71,115.08,16.9,12.19
30-Dec-16,203.0,4964.0,9.64,,,41.25,20.48,67.4,142.77,1146.0,22.35,25.71,15.04,90.83,5.6,2.65,380.0,4.14,3.02,8.21,16.97,7.95,186.2,698.0,4.48,69.41,1.5,6.81,239.47,143.89,10.5,84.85,,8.18,1.7,1.41,1.41,2.75,108.07,10.39,1.15,,5.05,4.53,71.28,,9.14,14.85,49.84,8.03,4.69,103.68,72.88,114.64,15.8,12.07
29-Dec-16,204.0,5017.98,9.63,,,41.75,20.62,67.99,143.04,1146.0,22.92,25.95,15.02,91.75,5.61,2.7,378.0,4.17,3.08,8.43,17.07,8.05,186.95,695.5,4.52,69.59,1.53,7.14,239.14,143.8,10.5,84.46,,8.28,1.7,1.4,1.46,2.8,108.82,10.53,1.15,,5.1,4.55,71.48,,9.14,14.8,50.2,7.87,4.68,104.42,73.28,114.98,15.65,12.44
28-Dec-16,205.0,5042.24,9.52,,,41.1,20.73,67.65,142.2,1146.0,22.52,25.92,14.61,91.66,5.82,2.55,370.0,4.16,3.16,8.5,17.11,8.0,188.45,691.0,4.77,69.81,1.55,7.34,239.42,143.61,10.5,84.53,,8.42,1.71,1.41,1.5,2.8,108.72,10.67,1.18,,5.1,4.59,72.01,,9.14,14.6,50.17,8.09,4.76,104.76,73.53,115.2,16.0,12.31
27-Dec-16,206.0,,9.48,,,42.0,21.17,67.76,143.34,,22.58,26.42,14.51,92.88,5.7,2.65,,4.13,3.39,8.11,16.56,8.05,190.55,,4.31,70.62,1.56,7.03,,143.5,,86.16,,8.28,1.72,1.61,1.51,2.8,109.45,10.62,1.22,,4.8,4.64,72.58,,8.81,14.9,50.49,8.2,4.74,105.71,74.67,116.13,16.05,12.59
23-Dec-16,207.0,4811.0,9.46,,,42.15,20.51,67.61,143.21,1165.0,22.54,26.24,14.72,92.45,5.67,2.65,375.0,4.15,3.33,8.68,16.36,8.0,191.86,695.0,4.34,69.9,1.58,6.32,239.0,143.15,10.5,85.29,,8.21,1.7,1.54,1.56,2.8,109.28,10.49,1.21,,5.05,4.64,71.59,,8.79,14.7,50.45,8.16,4.75,105.18,74.79,115.97,15.75,12.57
22-Dec-16,208.0,4848.0,9.69,,,41.7,20.36,67.78,143.47,1165.0,22.37,26.43,14.77,91.58,5.8,2.7,379.25,4.16,3.41,8.73,16.56,7.8,190.89,698.0,4.26,70.05,1.57,5.78,238.0,143.06,10.5,85.29,,8.19,1.66,1.51,1.56,2.85,108.78,10.43,1.16,,5.0,4.74,71.12,,8.91,14.6,50.25,8.08,4.82,105.19,74.19,116.3,16.15,12.91
21-Dec-16,209.0,4785.73,9.85,,,42.15,20.74,68.0,145.01,1135.0,22.98,26.96,14.91,92.91,5.75,2.65,380.75,4.04,3.33,9.19,15.84,7.9,192.12,687.0,4.25,70.54,1.57,6.02,237.5,145.75,10.5,85.49,,8.42,1.64,1.24,1.46,2.95,108.05,10.68,1.15,,4.7,4.55,72.97,,8.94,14.55,50.65,8.27,4.8,104.65,75.72,116.1,16.0,13.16
20-Dec-16,210.0,4812.5,9.59,,,42.0,21.03,67.9,144.87,1145.0,21.43,25.96,15.01,93.5,5.7,2.75,378.0,3.96,3.1,8.36,15.79,7.5,198.74,686.5,4.31,71.53,1.56,6.22,234.28,147.21,10.75,85.73,,8.59,1.65,1.24,1.45,2.95,108.17,10.86,1.17,,4.85,4.64,71.54,,8.98,14.55,50.89,8.25,4.79,104.65,76.05,117.52,15.8,13.09
19-Dec-16,211.0,4870.0,9.14,,,41.85,20.6,67.1,144.15,1148.5,21.6,26.08,14.85,92.07,5.7,2.7,378.0,3.81,3.14,8.39,14.58,7.45,197.62,694.0,4.26,71.2,1.59,6.2,232.25,148.07,10.75,86.46,,8.42,1.62,1.22,1.48,2.95,106.93,10.86,1.17,,4.95,4.54,70.59,,9.16,14.7,50.35,8.17,4.76,103.4,74.48,116.98,15.45,12.67
16-Dec-16,212.0,4866.29,9.67,,,42.55,20.68,67.08,145.34,1140.0,21.51,26.25,15.0,90.79,5.72,2.9,380.0,3.89,3.01,8.64,14.46,7.5,196.48,695.0,4.49,69.71,1.56,6.32,234.8,145.94,10.5,86.61,,8.4,1.58,1.27,1.49,3.15,106.67,10.9,1.17,,4.9,4.49,69.51,,9.22,14.55,49.93,8.39,4.83,103.31,74.42,115.81,14.4,12.64
15-Dec-16,213.0,4931.92,10.18,,,42.6,20.9,67.12,145.27,1140.0,21.5,26.59,15.23,94.59,5.78,3.05,366.95,3.89,3.29,8.53,14.45,7.25,197.92,694.5,4.4,71.13,1.68,6.59,232.75,147.64,10.5,85.62,,8.85,1.56,1.39,1.52,3.3,108.11,11.07,1.26,,5.0,4.32,69.26,,9.53,14.45,50.59,8.07,4.7,104.68,74.79,117.28,14.95,12.91
14-Dec-16,214.0,4853.11,9.65,,,42.15,20.23,66.95,145.89,1140.0,21.83,26.8,14.65,92.5,5.57,2.9,383.5,3.75,2.8,8.15,13.74,7.25,197.92,705.0,4.19,70.48,1.52,6.38,232.0,147.9,10.5,84.71,,8.66,1.48,1.16,1.43,3.2,107.58,11.01,1.16,,4.65,4.13,67.33,,9.32,14.4,49.28,7.9,4.73,102.82,72.94,117.26,15.3,13.17
13-Dec-16,215.0,4858.54,9.76,,,42.4,21.0,68.43,150.99,1106.6,22.3,27.3,14.99,94.83,5.62,3.1,397.0,3.86,2.86,8.61,14.09,7.25,201.02,692.5,4.11,75.39,1.59,6.76,233.78,150.79,10.5,85.97,,9.01,1.61,1.2,1.51,3.45,109.83,11.14,1.21,,4.65,4.24,70.5,,9.6,14.45,49.55,8.22,4.8,104.04,72.55,120.16,14.92,12.83
12-Dec-16,216.0,4725.0,9.15,,,41.55,20.73,68.16,152.51,1149.5,22.21,27.14,15.07,92.22,5.63,3.05,394.75,3.74,2.83,8.55,13.99,7.2,197.64,682.0,4.09,79.26,1.61,6.59,234.33,148.88,10.5,85.38,,8.92,1.6,1.25,1.53,3.5,110.69,11.27,1.19,,5.1,4.27,70.67,,9.73,14.35,49.37,8.21,4.95,104.32,73.24,120.13,14.9,13.36
9-Dec-16,217.0,4811.48,9.2,,,40.75,20.39,69.52,156.28,1149.5,23.12,28.18,15.05,92.78,5.83,3.0,395.75,4.02,2.92,9.42,14.48,7.35,196.6,677.97,4.17,80.01,1.75,7.06,237.0,150.55,10.5,86.02,,9.4,1.7,1.36,1.6,3.4,110.6,11.49,1.25,,5.4,4.49,69.28,,9.74,14.65,49.79,8.49,5.24,104.99,75.17,119.6,14.5,14.13
8-Dec-16,218.0,4827.66,8.87,,,41.3,19.77,69.85,156.2,1083.25,23.48,28.64,15.03,92.44,5.86,3.1,395.75,3.94,2.83,9.5,12.83,7.4,197.07,684.0,4.2,79.54,1.85,7.09,237.5,147.56,10.5,86.22,,9.0,1.7,1.44,1.62,3.45,110.02,11.61,1.27,,5.55,4.39,67.84,,9.48,14.55,49.6,8.54,5.13,105.37,72.74,118.98,13.95,14.46
7-Dec-16,219.0,4785.0,8.65,,,40.6,18.75,69.16,154.74,1083.25,23.7,28.98,14.88,91.5,5.77,3.15,395.0,3.6,2.85,8.58,12.51,7.25,196.52,683.5,3.9,77.77,1.85,7.2,234.0,147.73,10.5,86.22,,9.1,1.64,1.43,1.52,3.25,109.75,11.13,1.25,,5.6,4.17,66.05,,9.45,15.0,49.85,8.46,4.91,106.33,72.43,118.62,13.7,13.56
6-Dec-16,220.0,4778.98,8.4,,,39.95,18.0,67.7,151.38,1115.0,23.35,28.37,14.93,91.83,5.79,3.1,386.0,3.55,2.98,8.32,12.48,7.0,193.33,667.5,3.73,75.69,1.8,7.15,234.63,143.79,10.5,83.8,,8.87,1.64,1.6,1.63,3.3,106.21,10.85,1.25,,5.6,4.17,65.65,,9.22,15.0,47.68,8.52,4.82,103.15,70.97,116.54,13.65,13.58
5-Dec-16,221.0,4840.0,7.15,,,39.05,17.82,67.77,151.55,1119.5,23.78,28.69,14.29,91.57,5.66,3.1,368.0,3.58,2.86,7.62,11.81,6.85,194.5,663.5,3.67,75.99,1.73,6.92,229.5,143.76,10.5,85.48,,8.63,1.62,1.61,1.65,3.25,105.96,10.7,1.35,,5.25,4.0,64.64,,8.98,14.75,47.07,8.31,4.66,102.84,68.26,116.56,13.85,13.48
2-Dec-16,222.0,4776.64,7.08,,,38.9,16.21,67.46,151.16,1110.0,23.8,28.72,13.77,90.68,5.6,3.1,368.0,3.57,2.96,7.3,11.8,6.7,192.8,672.0,3.59,75.64,1.72,7.08,232.15,140.51,10.5,85.72,,8.49,1.6,1.63,1.67,3.2,105.6,10.4,1.35,,5.1,3.99,63.44,,8.85,14.45,47.91,8.08,4.6,102.65,69.27,116.35,14.15,13.83
1-Dec-16,223.0,4864.34,6.97,,,38.85,16.01,67.75,155.38,1110.0,23.76,28.29,14.26,88.09,5.69,3.1,370.0,3.56,3.0,7.21,11.84,6.9,192.19,680.0,3.83,76.42,1.78,7.14,232.0,144.93,10.5,86.73,,8.46,1.62,1.64,1.69,3.15,106.83,10.08,1.44,,5.25,4.04,63.19,,8.76,14.3,47.07,7.85,4.49,103.39,68.47,116.43,14.1,14.61
30-Nov-16,224.0,5067.35,7.02,,,40.4,15.61,66.83,153.25,1110.0,23.98,28.73,14.65,88.87,5.76,3.1,370.0,3.55,3.0,6.98,11.71,7.1,191.67,686.0,4.06,76.4,1.69,7.8,236.0,144.37,10.5,88.71,,8.68,1.6,1.63,1.69,3.0,106.46,10.03,1.46,,5.2,4.23,61.99,,8.97,14.4,46.61,7.89,4.39,101.33,68.95,115.92,14.2,15.13
29-Nov-16,225.0,5151.36,6.99,,,40.7,13.66,66.79,149.02,1110.0,23.25,28.9,14.87,88.82,6.65,3.2,370.0,3.8,3.16,6.96,10.53,7.55,190.32,711.5,4.0,75.98,1.68,8.04,231.75,146.32,10.5,87.95,,8.59,1.57,1.68,1.71,2.85,104.37,9.95,1.52,,5.25,4.08,58.15,,9.08,14.2,47.24,7.4,4.37,100.57,69.72,116.28,14.2,15.63
28-Nov-16,226.0,5120.88,6.87,,,42.2,14.3,66.63,148.36,1110.0,23.31,28.45,14.99,87.72,7.12,3.3,388.75,3.87,3.37,7.3,10.99,7.4,190.03,709.0,4.07,75.98,1.67,8.2,232.0,149.94,10.5,88.48,,8.62,1.61,1.69,1.74,3.1,103.99,10.04,1.58,,5.55,4.18,59.37,,9.51,13.9,47.52,7.45,4.37,100.69,69.25,115.69,13.88,15.81
25-Nov-16,227.0,5028.37,6.84,,,45.1,15.13,66.72,149.24,1110.0,23.44,28.85,15.22,91.59,7.23,3.45,380.0,3.84,3.32,7.48,11.34,7.6,191.53,712.5,4.16,76.96,1.69,8.26,231.61,150.72,10.5,87.79,,8.65,1.65,1.64,1.66,3.2,104.34,10.17,1.54,,5.35,4.28,60.04,,9.66,14.05,47.45,7.53,4.48,102.1,70.09,116.26,14.5,15.9
23-Nov-16,228.0,5042.47,6.89,,,44.25,15.4,66.05,149.15,1119.6,22.75,28.19,14.92,91.53,7.3,3.45,386.01,3.9,3.27,7.48,12.47,7.45,190.12,730.0,4.36,76.5,1.78,8.7,236.01,149.91,10.5,88.12,,8.74,1.66,1.68,1.68,2.95,104.04,10.18,1.54,,5.55,4.31,60.92,,9.66,14.25,47.37,7.62,4.63,101.39,69.88,115.68,14.4,15.32
22-Nov-16,229.0,4979.47,6.91,,,43.25,14.96,66.1,150.25,1114.0,22.77,28.51,15.25,93.44,7.38,3.45,370.5,3.99,3.23,7.49,11.85,7.75,188.08,739.0,4.43,75.78,1.69,8.61,234.25,151.38,10.5,86.7,,8.78,1.66,1.56,1.76,2.9,103.92,10.16,1.59,,5.5,4.35,59.56,,9.53,14.55,47.1,7.57,4.72,100.49,69.5,114.63,14.1,15.07
21-Nov-16,230.0,4944.86,7.0,,,42.75,14.2,65.97,148.5,1112.89,22.7,28.15,15.64,92.92,7.45,3.35,376.16,4.08,3.4,7.35,11.12,7.65,188.15,753.0,4.34,76.31,2.01,8.22,237.4,149.88,10.0,88.74,,9.01,1.67,1.65,1.95,2.95,104.6,10.14,1.66,,5.2,4.41,58.17,,9.6,14.0,47.36,7.74,4.75,100.75,68.99,114.7,13.9,15.89
18-Nov-16,231.0,4923.31,6.93,,,42.5,13.85,64.39,145.6,1107.99,22.72,28.02,15.2,92.68,7.23,3.35,383.25,3.78,3.47,7.16,10.54,7.45,187.29,766.5,4.23,76.72,2.13,8.35,239.05,148.45,10.0,87.57,,8.6,1.69,1.68,2.06,3.15,103.45,10.09,1.81,,5.4,4.28,57.05,,9.73,13.85,47.06,6.87,4.57,99.83,68.29,114.09,13.4,16.3
17-Nov-16,232.0,4886.76,6.96,,,42.85,13.63,64.18,146.22,1107.99,22.72,28.35,16.0,91.5,7.03,3.25,370.0,3.79,3.4,6.99,10.49,7.4,185.08,764.5,4.14,76.97,2.5,8.52,238.0,149.31,10.0,86.0,,8.64,1.63,1.73,1.99,2.85,103.14,10.11,1.78,,5.2,4.32,56.85,,9.41,13.6,46.69,6.9,4.56,98.81,67.86,113.49,13.4,15.26
16-Nov-16,233.0,4831.63,6.98,,,41.95,13.92,63.49,144.98,1107.99,22.57,27.89,15.43,91.0,7.58,3.65,370.0,3.93,4.0,7.31,10.93,7.5,183.82,753.5,4.4,75.87,2.0,8.66,240.0,148.65,10.0,85.01,,8.86,1.8,1.73,2.1,3.35,103.0,10.14,1.9,,5.8,4.36,57.52,,9.93,13.7,45.85,7.01,4.82,98.01,65.5,112.81,13.65,14.61
15-Nov-16,234.0,4808.0,7.0,,,41.7,13.95,64.33,144.84,1096.02,22.91,27.79,15.81,88.99,7.35,3.35,370.0,3.69,4.11,6.96,10.76,7.35,185.39,757.0,4.3,76.5,1.56,8.44,236.25,149.0,10.5,85.18,,8.88,1.63,1.79,1.74,3.05,104.58,10.05,1.65,,5.45,4.04,57.1,,9.78,13.6,46.25,6.98,4.76,99.11,66.06,113.18,13.7,14.48
14-Nov-16,235.0,4625.39,7.09,,,41.65,13.54,63.75,142.69,1101.0,22.26,27.5,15.5,88.0,7.14,2.35,360.0,3.69,3.57,6.72,10.6,7.25,186.16,748.0,4.58,75.84,1.25,8.12,237.0,143.94,10.5,85.1,,8.71,1.55,1.67,1.54,2.75,103.99,10.09,1.57,,5.35,3.91,55.72,,9.53,13.4,45.35,6.81,4.62,99.43,62.94,112.91,13.75,14.29
11-Nov-16,236.0,4764.52,6.78,,,42.1,12.58,63.25,143.53,1101.0,22.32,27.62,15.41,85.23,6.8,2.4,350.0,3.69,3.49,6.97,10.46,7.3,183.69,744.0,4.31,73.36,1.24,8.26,233.02,135.52,10.5,82.05,,8.77,1.47,1.52,1.41,2.8,100.91,9.71,1.49,,4.8,4.16,53.67,,9.1,13.05,43.84,6.64,4.52,96.88,60.25,114.23,13.05,14.58
10-Nov-16,237.0,5188.37,6.87,,,42.55,12.77,64.71,146.1,1090.0,22.21,27.52,15.85,91.15,6.51,2.35,369.75,3.69,3.31,6.56,9.76,7.5,183.57,741.5,4.56,75.02,1.25,9.2,245.34,142.63,10.5,81.11,,9.24,1.45,1.22,1.33,2.75,100.5,9.03,1.43,,4.15,4.09,52.56,,9.07,13.25,43.64,6.51,4.48,97.49,59.94,113.31,12.9,14.5
9-Nov-16,238.0,5199.89,7.24,,,41.75,12.84,63.31,143.67,1090.0,22.92,28.43,17.22,93.17,6.29,2.35,369.75,3.57,2.91,6.27,9.26,7.25,181.17,732.0,3.77,71.54,1.22,11.24,245.0,153.13,10.5,82.48,,9.77,1.39,1.07,1.31,2.6,98.8,8.68,1.36,,3.85,3.85,50.82,,8.94,12.95,42.37,6.5,4.19,93.95,60.13,112.7,12.75,14.32
8-Nov-16,239.0,5186.15,7.29,,,40.3,11.77,63.93,143.74,1057.0,22.86,28.75,19.3,91.56,6.3,2.3,365.0,3.5,2.6,5.93,8.56,7.15,181.31,731.0,3.56,67.12,1.22,12.1,246.25,164.3,10.5,92.55,,9.8,1.33,1.04,1.22,2.6,96.0,8.32,1.28,,3.6,3.69,48.58,,8.67,12.6,41.93,6.29,4.03,90.6,59.31,112.03,12.25,15.44
7-Nov-16,240.0,5174.75,7.19,,,40.0,12.07,63.52,143.5,1057.0,23.01,28.87,19.1,90.46,6.32,2.5,365.0,3.59,2.49,5.9,8.4,7.3,180.02,727.5,3.85,66.5,1.22,12.27,248.88,164.21,10.5,91.5,,9.59,1.25,1.04,1.21,2.7,94.95,8.1,1.24,,3.55,3.8,48.11,,9.3,12.75,41.57,6.32,4.01,90.75,58.53,109.8,12.45,15.43
4-Nov-16,241.0,5163.14,7.05,,,39.4,11.63,61.95,140.42,1057.0,22.33,28.0,18.08,88.91,6.26,2.6,365.0,3.67,2.44,5.82,8.0,7.2,174.8,722.5,3.91,65.19,1.19,10.81,241.98,151.44,10.5,87.97,,9.14,1.29,1.02,1.18,2.85,91.62,7.53,1.25,,3.5,3.76,46.79,,9.73,12.35,40.38,6.22,4.05,88.76,57.23,106.94,11.78,15.2
3-Nov-16,242.0,5261.06,7.0,,,38.9,10.19,62.36,141.0,1092.0,22.51,28.51,17.94,89.34,6.29,2.55,365.0,3.61,2.4,5.84,7.52,7.35,173.65,743.0,3.86,64.98,1.2,11.02,247.5,152.3,10.5,87.98,,9.23,1.22,1.0,1.19,2.9,91.76,7.5,1.26,,3.55,3.85,47.76,,10.22,12.3,39.7,5.98,4.05,88.77,55.94,107.48,11.85,15.99
2-Nov-16,243.0,5355.19,7.1,,,38.6,10.05,62.3,142.21,1092.0,22.25,27.94,18.1,90.61,6.28,2.55,368.5,3.38,2.44,5.82,7.46,7.3,172.38,733.5,3.87,64.55,1.26,11.14,252.0,152.76,10.5,87.48,,9.52,1.23,1.02,1.24,2.95,91.99,7.54,1.25,,3.7,3.79,46.74,,10.55,12.35,39.61,6.1,4.15,88.69,56.14,106.9,12.2,16.0
1-Nov-16,244.0,5321.18,6.85,,,38.95,10.05,62.08,141.09,1139.95,22.35,27.79,18.2,90.03,6.43,2.6,368.5,3.98,2.47,6.18,7.42,7.8,171.53,735.5,4.1,65.63,1.26,11.54,254.11,155.37,10.5,86.09,,9.43,1.28,1.06,1.27,3.25,91.6,7.52,1.31,,3.8,3.99,48.89,,11.56,12.55,39.68,6.37,4.45,87.89,56.0,106.84,12.65,16.0
31-Oct-16,245.0,5257.0,6.37,,,39.55,10.01,62.87,142.96,1118.0,22.61,28.09,19.11,92.23,6.5,2.55,378.75,4.07,2.5,5.63,7.55,7.85,174.32,731.5,4.22,67.94,1.31,12.3,256.25,159.0,10.5,87.76,,9.59,1.27,1.06,1.28,3.3,93.0,7.6,1.27,,3.9,3.83,49.31,,12.37,12.65,40.05,6.53,4.5,88.18,56.23,107.76,13.1,16.93
28-Oct-16,246.0,5270.0,6.32,,,39.64,10.17,63.1,144.11,1118.0,22.75,28.0,18.7,92.56,6.83,2.53,374.5,4.12,2.56,6.03,7.7,7.7,174.25,731.5,4.44,66.07,1.34,12.42,258.0,159.79,10.5,88.76,,9.61,1.3,1.09,1.33,3.4,92.27,7.51,1.33,,3.74,3.97,53.4,,12.51,12.77,39.18,7.13,4.64,88.37,55.11,107.7,13.27,16.99
27-Oct-16,247.0,5264.53,6.29,,,40.64,10.66,63.41,145.03,1145.0,23.22,27.92,19.25,92.35,6.85,2.55,368.5,4.2,2.49,6.29,8.11,7.9,174.4,720.0,4.64,65.98,1.3,12.56,257.0,161.22,10.5,89.2,,9.67,1.36,1.15,1.33,3.4,91.35,7.57,1.29,,3.75,4.17,56.77,,12.68,13.27,39.24,7.76,4.76,88.82,54.42,108.08,13.25,16.57
26-Oct-16,248.0,5263.05,6.28,,,39.24,10.88,63.09,143.73,1140.0,23.28,28.01,19.12,90.11,7.1,2.61,370.0,4.27,2.5,6.08,8.13,7.8,173.59,720.0,4.71,66.31,1.28,12.72,256.5,160.94,10.5,88.79,,9.66,1.35,1.16,1.31,3.45,90.03,7.57,1.28,,3.8,4.23,57.81,,12.68,13.34,38.4,7.69,4.79,89.05,53.98,108.61,13.74,
25-Oct-16,249.0,5278.23,6.36,,,37.39,10.88,65.69,147.1,1124.0,23.22,28.51,19.73,93.13,7.25,2.6,382.75,4.37,2.51,6.1,8.22,8.1,171.93,719.0,4.79,67.41,1.37,12.97,257.45,162.84,10.5,90.48,,9.86,1.4,1.18,1.33,3.5,93.27,7.57,1.35,,3.8,4.29,57.62,,12.79,13.62,41.95,7.63,4.94,89.99,54.63,107.84,13.61,
24-Oct-16,250.0,5345.3,6.35,,,37.07,11.18,65.56,145.54,1124.0,23.74,28.71,19.89,93.6,7.5,2.51,380.0,4.36,2.52,6.28,8.45,8.1,172.08,729.0,4.86,67.57,1.39,13.38,257.45,162.51,10.5,90.12,,9.85,1.4,1.2,1.39,3.55,92.95,7.75,1.38,,3.89,4.3,58.84,,12.74,13.81,42.33,7.79,4.92,89.88,55.04,108.45,13.45,
